ISO-10303-21;
HEADER;
/* Generated by software containing ST-Developer
 * from STEP Tools, Inc. (www.steptools.com) 
 */

FILE_DESCRIPTION(
/* description */ (''),
/* implementation_level */ '2;1');

FILE_NAME(
/* name */ 'porta_pannello.step',
/* time_stamp */ '2026-09-09T15:40:43+02:00',
/* author */ (''),
/* organization */ (''),
/* preprocessor_version */ 'ST-DEVELOPER v20.2',
/* originating_system */ 'Autodesk Translation Framework v15.15.0.0',
/* authorisation */ '');

FILE_SCHEMA (('AUTOMOTIVE_DESIGN { 1 0 10303 214 3 1 1 }'));
ENDSEC;

DATA;
#10=MECHANICAL_DESIGN_GEOMETRIC_PRESENTATION_REPRESENTATION('',(#19,#20,
#21),#2417);
#11=SHAPE_REPRESENTATION_RELATIONSHIP('SRR','None',#2424,#12);
#12=ADVANCED_BREP_SHAPE_REPRESENTATION('',(#22,#23,#24),#2416);
#13=B_SPLINE_CURVE_WITH_KNOTS('',3,(#2251,#2252,#2253,#2254,#2255,#2256,
#2257,#2258,#2259,#2260,#2261,#2262,#2263,#2264,#2265,#2266),
 .UNSPECIFIED.,.F.,.F.,(4,2,2,2,2,2,2,4),(1.08635064048905,1.14266404985676,
1.37607999767018,1.60949594548359,1.86680164706582,1.99545449785693,2.05978092325249,
2.12410734864804),.UNSPECIFIED.);
#14=B_SPLINE_CURVE_WITH_KNOTS('',3,(#2268,#2269,#2270,#2271,#2272,#2273,
#2274,#2275,#2276,#2277,#2278,#2279,#2280,#2281,#2282,#2283,#2284,#2285,
#2286,#2287),.UNSPECIFIED.,.F.,.F.,(4,2,2,2,2,2,2,2,2,4),(6.9601514533005,
7.00012046345194,7.04008947360338,7.12002749390627,7.27990353451204,7.59965561572357,
7.84443611441225,7.96682636375658,8.08921661310092,8.11210863152036),
 .UNSPECIFIED.);
#15=B_SPLINE_CURVE_WITH_KNOTS('',3,(#2301,#2302,#2303,#2304,#2305,#2306,
#2307,#2308,#2309,#2310,#2311,#2312,#2313,#2314,#2315,#2316,#2317,#2318,
#2319,#2320),.UNSPECIFIED.,.F.,.F.,(4,2,2,2,2,2,2,2,2,4),(1.16809330621364,
1.19098532463308,1.31337557397742,1.43576582332176,1.68054632201043,2.00029840322197,
2.16017444382773,2.24011246413062,2.28008147428206,2.3200504844335),
 .UNSPECIFIED.);
#16=B_SPLINE_CURVE_WITH_KNOTS('',3,(#2322,#2323,#2324,#2325,#2326,#2327,
#2328,#2329,#2330,#2331,#2332,#2333,#2334,#2335,#2336,#2337),
 .UNSPECIFIED.,.F.,.F.,(4,2,2,2,2,2,2,4),(6.37232204594413,6.43664847133969,
6.50097489673525,6.62962774752636,6.88693344910859,7.120349396922,7.35376534473541,
7.41007875410313),.UNSPECIFIED.);
#17=CONICAL_SURFACE('',#1502,0.0625,1.02974425867665);
#18=CONICAL_SURFACE('',#1504,0.0625,1.02974425867665);
#19=STYLED_ITEM('',(#2433),#22);
#20=STYLED_ITEM('',(#2433),#23);
#21=STYLED_ITEM('',(#2433),#24);
#22=MANIFOLD_SOLID_BREP('Corpo3',#1421);
#23=MANIFOLD_SOLID_BREP('Corpo6',#1422);
#24=MANIFOLD_SOLID_BREP('Corpo4',#1423);
#25=ELLIPSE('',#1448,0.565685424949238,0.4);
#26=ELLIPSE('',#1449,0.565685424949238,0.4);
#27=ELLIPSE('',#1451,0.565685424949239,0.4);
#28=ELLIPSE('',#1453,0.565685424949238,0.4);
#29=ELLIPSE('',#1540,0.565685424949239,0.4);
#30=ELLIPSE('',#1541,0.565685424949238,0.4);
#31=ELLIPSE('',#1543,0.565685424949238,0.4);
#32=ELLIPSE('',#1545,0.565685424949238,0.4);
#33=FACE_BOUND('',#183,.T.);
#34=FACE_BOUND('',#186,.T.);
#35=FACE_BOUND('',#194,.T.);
#36=FACE_BOUND('',#201,.T.);
#37=FACE_BOUND('',#203,.T.);
#38=FACE_BOUND('',#216,.T.);
#39=FACE_BOUND('',#219,.T.);
#40=FACE_BOUND('',#222,.T.);
#41=FACE_BOUND('',#225,.T.);
#42=FACE_BOUND('',#229,.T.);
#43=FACE_BOUND('',#230,.T.);
#44=FACE_BOUND('',#231,.T.);
#45=FACE_BOUND('',#246,.T.);
#46=FACE_BOUND('',#247,.T.);
#47=FACE_BOUND('',#248,.T.);
#48=FACE_BOUND('',#249,.T.);
#49=FACE_BOUND('',#263,.T.);
#50=FACE_BOUND('',#264,.T.);
#51=FACE_BOUND('',#272,.T.);
#52=FACE_BOUND('',#275,.T.);
#53=PLANE('',#1443);
#54=PLANE('',#1444);
#55=PLANE('',#1445);
#56=PLANE('',#1446);
#57=PLANE('',#1455);
#58=PLANE('',#1456);
#59=PLANE('',#1457);
#60=PLANE('',#1458);
#61=PLANE('',#1459);
#62=PLANE('',#1460);
#63=PLANE('',#1461);
#64=PLANE('',#1462);
#65=PLANE('',#1464);
#66=PLANE('',#1466);
#67=PLANE('',#1467);
#68=PLANE('',#1468);
#69=PLANE('',#1469);
#70=PLANE('',#1470);
#71=PLANE('',#1471);
#72=PLANE('',#1472);
#73=PLANE('',#1473);
#74=PLANE('',#1474);
#75=PLANE('',#1475);
#76=PLANE('',#1478);
#77=PLANE('',#1482);
#78=PLANE('',#1487);
#79=PLANE('',#1492);
#80=PLANE('',#1494);
#81=PLANE('',#1495);
#82=PLANE('',#1496);
#83=PLANE('',#1497);
#84=PLANE('',#1498);
#85=PLANE('',#1499);
#86=PLANE('',#1500);
#87=PLANE('',#1501);
#88=PLANE('',#1506);
#89=PLANE('',#1518);
#90=PLANE('',#1519);
#91=PLANE('',#1520);
#92=PLANE('',#1524);
#93=PLANE('',#1528);
#94=PLANE('',#1535);
#95=PLANE('',#1536);
#96=PLANE('',#1537);
#97=PLANE('',#1538);
#98=PLANE('',#1547);
#99=PLANE('',#1548);
#100=PLANE('',#1551);
#101=PLANE('',#1552);
#102=FACE_OUTER_BOUND('',#180,.T.);
#103=FACE_OUTER_BOUND('',#181,.T.);
#104=FACE_OUTER_BOUND('',#182,.T.);
#105=FACE_OUTER_BOUND('',#184,.T.);
#106=FACE_OUTER_BOUND('',#185,.T.);
#107=FACE_OUTER_BOUND('',#187,.T.);
#108=FACE_OUTER_BOUND('',#188,.T.);
#109=FACE_OUTER_BOUND('',#189,.T.);
#110=FACE_OUTER_BOUND('',#190,.T.);
#111=FACE_OUTER_BOUND('',#191,.T.);
#112=FACE_OUTER_BOUND('',#192,.T.);
#113=FACE_OUTER_BOUND('',#193,.T.);
#114=FACE_OUTER_BOUND('',#195,.T.);
#115=FACE_OUTER_BOUND('',#196,.T.);
#116=FACE_OUTER_BOUND('',#197,.T.);
#117=FACE_OUTER_BOUND('',#198,.T.);
#118=FACE_OUTER_BOUND('',#199,.T.);
#119=FACE_OUTER_BOUND('',#200,.T.);
#120=FACE_OUTER_BOUND('',#202,.T.);
#121=FACE_OUTER_BOUND('',#204,.T.);
#122=FACE_OUTER_BOUND('',#205,.T.);
#123=FACE_OUTER_BOUND('',#206,.T.);
#124=FACE_OUTER_BOUND('',#207,.T.);
#125=FACE_OUTER_BOUND('',#208,.T.);
#126=FACE_OUTER_BOUND('',#209,.T.);
#127=FACE_OUTER_BOUND('',#210,.T.);
#128=FACE_OUTER_BOUND('',#211,.T.);
#129=FACE_OUTER_BOUND('',#212,.T.);
#130=FACE_OUTER_BOUND('',#213,.T.);
#131=FACE_OUTER_BOUND('',#214,.T.);
#132=FACE_OUTER_BOUND('',#215,.T.);
#133=FACE_OUTER_BOUND('',#217,.T.);
#134=FACE_OUTER_BOUND('',#218,.T.);
#135=FACE_OUTER_BOUND('',#220,.T.);
#136=FACE_OUTER_BOUND('',#221,.T.);
#137=FACE_OUTER_BOUND('',#223,.T.);
#138=FACE_OUTER_BOUND('',#224,.T.);
#139=FACE_OUTER_BOUND('',#226,.T.);
#140=FACE_OUTER_BOUND('',#227,.T.);
#141=FACE_OUTER_BOUND('',#228,.T.);
#142=FACE_OUTER_BOUND('',#232,.T.);
#143=FACE_OUTER_BOUND('',#233,.T.);
#144=FACE_OUTER_BOUND('',#234,.T.);
#145=FACE_OUTER_BOUND('',#235,.T.);
#146=FACE_OUTER_BOUND('',#236,.T.);
#147=FACE_OUTER_BOUND('',#237,.T.);
#148=FACE_OUTER_BOUND('',#238,.T.);
#149=FACE_OUTER_BOUND('',#239,.T.);
#150=FACE_OUTER_BOUND('',#240,.T.);
#151=FACE_OUTER_BOUND('',#241,.T.);
#152=FACE_OUTER_BOUND('',#242,.T.);
#153=FACE_OUTER_BOUND('',#243,.T.);
#154=FACE_OUTER_BOUND('',#244,.T.);
#155=FACE_OUTER_BOUND('',#245,.T.);
#156=FACE_OUTER_BOUND('',#250,.T.);
#157=FACE_OUTER_BOUND('',#251,.T.);
#158=FACE_OUTER_BOUND('',#252,.T.);
#159=FACE_OUTER_BOUND('',#253,.T.);
#160=FACE_OUTER_BOUND('',#254,.T.);
#161=FACE_OUTER_BOUND('',#255,.T.);
#162=FACE_OUTER_BOUND('',#256,.T.);
#163=FACE_OUTER_BOUND('',#257,.T.);
#164=FACE_OUTER_BOUND('',#258,.T.);
#165=FACE_OUTER_BOUND('',#259,.T.);
#166=FACE_OUTER_BOUND('',#260,.T.);
#167=FACE_OUTER_BOUND('',#261,.T.);
#168=FACE_OUTER_BOUND('',#262,.T.);
#169=FACE_OUTER_BOUND('',#265,.T.);
#170=FACE_OUTER_BOUND('',#266,.T.);
#171=FACE_OUTER_BOUND('',#267,.T.);
#172=FACE_OUTER_BOUND('',#268,.T.);
#173=FACE_OUTER_BOUND('',#269,.T.);
#174=FACE_OUTER_BOUND('',#270,.T.);
#175=FACE_OUTER_BOUND('',#271,.T.);
#176=FACE_OUTER_BOUND('',#273,.T.);
#177=FACE_OUTER_BOUND('',#274,.T.);
#178=FACE_OUTER_BOUND('',#276,.T.);
#179=FACE_OUTER_BOUND('',#277,.T.);
#180=EDGE_LOOP('',(#928,#929,#930,#931));
#181=EDGE_LOOP('',(#932,#933,#934,#935));
#182=EDGE_LOOP('',(#936,#937,#938,#939));
#183=EDGE_LOOP('',(#940));
#184=EDGE_LOOP('',(#941,#942,#943,#944));
#185=EDGE_LOOP('',(#945,#946,#947,#948));
#186=EDGE_LOOP('',(#949));
#187=EDGE_LOOP('',(#950,#951,#952,#953));
#188=EDGE_LOOP('',(#954,#955,#956,#957));
#189=EDGE_LOOP('',(#958,#959,#960,#961));
#190=EDGE_LOOP('',(#962,#963,#964,#965));
#191=EDGE_LOOP('',(#966,#967,#968,#969));
#192=EDGE_LOOP('',(#970,#971,#972,#973));
#193=EDGE_LOOP('',(#974,#975,#976,#977,#978,#979,#980,#981));
#194=EDGE_LOOP('',(#982,#983,#984,#985,#986,#987,#988,#989,#990,#991,#992,
#993));
#195=EDGE_LOOP('',(#994,#995,#996,#997));
#196=EDGE_LOOP('',(#998,#999,#1000,#1001));
#197=EDGE_LOOP('',(#1002,#1003,#1004,#1005));
#198=EDGE_LOOP('',(#1006,#1007,#1008,#1009));
#199=EDGE_LOOP('',(#1010,#1011,#1012,#1013));
#200=EDGE_LOOP('',(#1014,#1015,#1016,#1017));
#201=EDGE_LOOP('',(#1018));
#202=EDGE_LOOP('',(#1019,#1020,#1021,#1022));
#203=EDGE_LOOP('',(#1023));
#204=EDGE_LOOP('',(#1024,#1025,#1026,#1027,#1028,#1029,#1030,#1031,#1032,
#1033,#1034,#1035));
#205=EDGE_LOOP('',(#1036,#1037,#1038,#1039));
#206=EDGE_LOOP('',(#1040,#1041,#1042,#1043));
#207=EDGE_LOOP('',(#1044,#1045,#1046,#1047));
#208=EDGE_LOOP('',(#1048,#1049,#1050,#1051));
#209=EDGE_LOOP('',(#1052,#1053,#1054,#1055));
#210=EDGE_LOOP('',(#1056,#1057,#1058,#1059));
#211=EDGE_LOOP('',(#1060,#1061,#1062,#1063));
#212=EDGE_LOOP('',(#1064,#1065,#1066,#1067));
#213=EDGE_LOOP('',(#1068,#1069,#1070,#1071));
#214=EDGE_LOOP('',(#1072,#1073,#1074,#1075));
#215=EDGE_LOOP('',(#1076));
#216=EDGE_LOOP('',(#1077));
#217=EDGE_LOOP('',(#1078,#1079,#1080,#1081));
#218=EDGE_LOOP('',(#1082));
#219=EDGE_LOOP('',(#1083));
#220=EDGE_LOOP('',(#1084,#1085,#1086,#1087));
#221=EDGE_LOOP('',(#1088));
#222=EDGE_LOOP('',(#1089));
#223=EDGE_LOOP('',(#1090,#1091,#1092,#1093));
#224=EDGE_LOOP('',(#1094));
#225=EDGE_LOOP('',(#1095));
#226=EDGE_LOOP('',(#1096,#1097,#1098,#1099));
#227=EDGE_LOOP('',(#1100,#1101,#1102,#1103));
#228=EDGE_LOOP('',(#1104,#1105,#1106,#1107,#1108,#1109,#1110,#1111,#1112,
#1113,#1114,#1115));
#229=EDGE_LOOP('',(#1116,#1117,#1118,#1119));
#230=EDGE_LOOP('',(#1120));
#231=EDGE_LOOP('',(#1121));
#232=EDGE_LOOP('',(#1122,#1123,#1124,#1125));
#233=EDGE_LOOP('',(#1126,#1127,#1128,#1129,#1130,#1131,#1132,#1133));
#234=EDGE_LOOP('',(#1134,#1135,#1136,#1137,#1138,#1139));
#235=EDGE_LOOP('',(#1140,#1141,#1142,#1143,#1144,#1145,#1146,#1147));
#236=EDGE_LOOP('',(#1148,#1149,#1150,#1151,#1152,#1153));
#237=EDGE_LOOP('',(#1154,#1155,#1156));
#238=EDGE_LOOP('',(#1157,#1158,#1159));
#239=EDGE_LOOP('',(#1160,#1161,#1162,#1163,#1164,#1165,#1166,#1167,#1168,
#1169));
#240=EDGE_LOOP('',(#1170,#1171,#1172,#1173));
#241=EDGE_LOOP('',(#1174,#1175,#1176,#1177));
#242=EDGE_LOOP('',(#1178,#1179,#1180,#1181));
#243=EDGE_LOOP('',(#1182,#1183,#1184,#1185));
#244=EDGE_LOOP('',(#1186,#1187,#1188,#1189));
#245=EDGE_LOOP('',(#1190,#1191,#1192,#1193));
#246=EDGE_LOOP('',(#1194));
#247=EDGE_LOOP('',(#1195));
#248=EDGE_LOOP('',(#1196));
#249=EDGE_LOOP('',(#1197));
#250=EDGE_LOOP('',(#1198,#1199,#1200,#1201,#1202,#1203,#1204,#1205));
#251=EDGE_LOOP('',(#1206,#1207,#1208,#1209,#1210,#1211,#1212,#1213,#1214,
#1215));
#252=EDGE_LOOP('',(#1216,#1217,#1218,#1219,#1220,#1221));
#253=EDGE_LOOP('',(#1222,#1223,#1224,#1225));
#254=EDGE_LOOP('',(#1226,#1227,#1228,#1229,#1230,#1231));
#255=EDGE_LOOP('',(#1232,#1233,#1234,#1235));
#256=EDGE_LOOP('',(#1236,#1237,#1238,#1239));
#257=EDGE_LOOP('',(#1240,#1241,#1242,#1243));
#258=EDGE_LOOP('',(#1244,#1245,#1246,#1247));
#259=EDGE_LOOP('',(#1248,#1249,#1250,#1251));
#260=EDGE_LOOP('',(#1252,#1253,#1254,#1255,#1256,#1257));
#261=EDGE_LOOP('',(#1258,#1259,#1260,#1261,#1262,#1263));
#262=EDGE_LOOP('',(#1264,#1265,#1266,#1267));
#263=EDGE_LOOP('',(#1268));
#264=EDGE_LOOP('',(#1269));
#265=EDGE_LOOP('',(#1270,#1271,#1272,#1273));
#266=EDGE_LOOP('',(#1274,#1275,#1276,#1277));
#267=EDGE_LOOP('',(#1278,#1279,#1280,#1281));
#268=EDGE_LOOP('',(#1282,#1283,#1284,#1285));
#269=EDGE_LOOP('',(#1286,#1287,#1288,#1289));
#270=EDGE_LOOP('',(#1290,#1291,#1292,#1293));
#271=EDGE_LOOP('',(#1294,#1295,#1296,#1297));
#272=EDGE_LOOP('',(#1298));
#273=EDGE_LOOP('',(#1299,#1300,#1301,#1302));
#274=EDGE_LOOP('',(#1303,#1304,#1305,#1306));
#275=EDGE_LOOP('',(#1307));
#276=EDGE_LOOP('',(#1308,#1309,#1310,#1311));
#277=EDGE_LOOP('',(#1312,#1313,#1314,#1315));
#278=LINE('',#1953,#426);
#279=LINE('',#1956,#427);
#280=LINE('',#1961,#428);
#281=LINE('',#1966,#429);
#282=LINE('',#1967,#430);
#283=LINE('',#1968,#431);
#284=LINE('',#1971,#432);
#285=LINE('',#1972,#433);
#286=LINE('',#1975,#434);
#287=LINE('',#1976,#435);
#288=LINE('',#1978,#436);
#289=LINE('',#1983,#437);
#290=LINE('',#1987,#438);
#291=LINE('',#1992,#439);
#292=LINE('',#1994,#440);
#293=LINE('',#1999,#441);
#294=LINE('',#2001,#442);
#295=LINE('',#2003,#443);
#296=LINE('',#2005,#444);
#297=LINE('',#2007,#445);
#298=LINE('',#2009,#446);
#299=LINE('',#2011,#447);
#300=LINE('',#2012,#448);
#301=LINE('',#2015,#449);
#302=LINE('',#2017,#450);
#303=LINE('',#2019,#451);
#304=LINE('',#2021,#452);
#305=LINE('',#2023,#453);
#306=LINE('',#2025,#454);
#307=LINE('',#2027,#455);
#308=LINE('',#2029,#456);
#309=LINE('',#2031,#457);
#310=LINE('',#2033,#458);
#311=LINE('',#2035,#459);
#312=LINE('',#2036,#460);
#313=LINE('',#2039,#461);
#314=LINE('',#2041,#462);
#315=LINE('',#2042,#463);
#316=LINE('',#2045,#464);
#317=LINE('',#2047,#465);
#318=LINE('',#2048,#466);
#319=LINE('',#2050,#467);
#320=LINE('',#2053,#468);
#321=LINE('',#2054,#469);
#322=LINE('',#2057,#470);
#323=LINE('',#2058,#471);
#324=LINE('',#2062,#472);
#325=LINE('',#2064,#473);
#326=LINE('',#2066,#474);
#327=LINE('',#2067,#475);
#328=LINE('',#2073,#476);
#329=LINE('',#2075,#477);
#330=LINE('',#2077,#478);
#331=LINE('',#2078,#479);
#332=LINE('',#2084,#480);
#333=LINE('',#2086,#481);
#334=LINE('',#2088,#482);
#335=LINE('',#2090,#483);
#336=LINE('',#2092,#484);
#337=LINE('',#2094,#485);
#338=LINE('',#2096,#486);
#339=LINE('',#2098,#487);
#340=LINE('',#2100,#488);
#341=LINE('',#2102,#489);
#342=LINE('',#2104,#490);
#343=LINE('',#2105,#491);
#344=LINE('',#2107,#492);
#345=LINE('',#2108,#493);
#346=LINE('',#2112,#494);
#347=LINE('',#2113,#495);
#348=LINE('',#2114,#496);
#349=LINE('',#2117,#497);
#350=LINE('',#2118,#498);
#351=LINE('',#2121,#499);
#352=LINE('',#2122,#500);
#353=LINE('',#2125,#501);
#354=LINE('',#2126,#502);
#355=LINE('',#2129,#503);
#356=LINE('',#2130,#504);
#357=LINE('',#2132,#505);
#358=LINE('',#2133,#506);
#359=LINE('',#2135,#507);
#360=LINE('',#2137,#508);
#361=LINE('',#2140,#509);
#362=LINE('',#2147,#510);
#363=LINE('',#2156,#511);
#364=LINE('',#2165,#512);
#365=LINE('',#2173,#513);
#366=LINE('',#2175,#514);
#367=LINE('',#2177,#515);
#368=LINE('',#2178,#516);
#369=LINE('',#2181,#517);
#370=LINE('',#2183,#518);
#371=LINE('',#2184,#519);
#372=LINE('',#2186,#520);
#373=LINE('',#2187,#521);
#374=LINE('',#2189,#522);
#375=LINE('',#2191,#523);
#376=LINE('',#2192,#524);
#377=LINE('',#2194,#525);
#378=LINE('',#2195,#526);
#379=LINE('',#2197,#527);
#380=LINE('',#2198,#528);
#381=LINE('',#2200,#529);
#382=LINE('',#2201,#530);
#383=LINE('',#2203,#531);
#384=LINE('',#2205,#532);
#385=LINE('',#2210,#533);
#386=LINE('',#2215,#534);
#387=LINE('',#2220,#535);
#388=LINE('',#2221,#536);
#389=LINE('',#2224,#537);
#390=LINE('',#2228,#538);
#391=LINE('',#2232,#539);
#392=LINE('',#2236,#540);
#393=LINE('',#2241,#541);
#394=LINE('',#2244,#542);
#395=LINE('',#2245,#543);
#396=LINE('',#2247,#544);
#397=LINE('',#2291,#545);
#398=LINE('',#2295,#546);
#399=LINE('',#2297,#547);
#400=LINE('',#2298,#548);
#401=LINE('',#2341,#549);
#402=LINE('',#2345,#550);
#403=LINE('',#2347,#551);
#404=LINE('',#2348,#552);
#405=LINE('',#2350,#553);
#406=LINE('',#2352,#554);
#407=LINE('',#2356,#555);
#408=LINE('',#2360,#556);
#409=LINE('',#2362,#557);
#410=LINE('',#2364,#558);
#411=LINE('',#2369,#559);
#412=LINE('',#2371,#560);
#413=LINE('',#2373,#561);
#414=LINE('',#2374,#562);
#415=LINE('',#2379,#563);
#416=LINE('',#2383,#564);
#417=LINE('',#2388,#565);
#418=LINE('',#2390,#566);
#419=LINE('',#2393,#567);
#420=LINE('',#2395,#568);
#421=LINE('',#2396,#569);
#422=LINE('',#2399,#570);
#423=LINE('',#2405,#571);
#424=LINE('',#2406,#572);
#425=LINE('',#2412,#573);
#426=VECTOR('',#1563,1.);
#427=VECTOR('',#1566,1.);
#428=VECTOR('',#1571,0.16);
#429=VECTOR('',#1576,1.);
#430=VECTOR('',#1577,1.);
#431=VECTOR('',#1578,1.);
#432=VECTOR('',#1581,1.);
#433=VECTOR('',#1582,1.);
#434=VECTOR('',#1585,1.);
#435=VECTOR('',#1586,1.);
#436=VECTOR('',#1589,1.);
#437=VECTOR('',#1594,1.);
#438=VECTOR('',#1599,1.);
#439=VECTOR('',#1606,1.);
#440=VECTOR('',#1609,1.);
#441=VECTOR('',#1614,1.);
#442=VECTOR('',#1615,1.);
#443=VECTOR('',#1616,1.);
#444=VECTOR('',#1617,1.);
#445=VECTOR('',#1618,1.);
#446=VECTOR('',#1619,1.);
#447=VECTOR('',#1620,1.);
#448=VECTOR('',#1621,1.);
#449=VECTOR('',#1622,1.);
#450=VECTOR('',#1623,1.);
#451=VECTOR('',#1624,1.);
#452=VECTOR('',#1625,1.);
#453=VECTOR('',#1626,1.);
#454=VECTOR('',#1627,1.);
#455=VECTOR('',#1628,1.);
#456=VECTOR('',#1629,1.);
#457=VECTOR('',#1630,1.);
#458=VECTOR('',#1631,1.);
#459=VECTOR('',#1632,1.);
#460=VECTOR('',#1633,1.);
#461=VECTOR('',#1636,1.);
#462=VECTOR('',#1637,1.);
#463=VECTOR('',#1638,1.);
#464=VECTOR('',#1641,1.);
#465=VECTOR('',#1642,1.);
#466=VECTOR('',#1643,1.);
#467=VECTOR('',#1646,1.);
#468=VECTOR('',#1649,1.);
#469=VECTOR('',#1650,1.);
#470=VECTOR('',#1653,1.);
#471=VECTOR('',#1654,1.);
#472=VECTOR('',#1657,1.);
#473=VECTOR('',#1658,1.);
#474=VECTOR('',#1659,1.);
#475=VECTOR('',#1660,1.);
#476=VECTOR('',#1665,1.);
#477=VECTOR('',#1666,1.);
#478=VECTOR('',#1667,1.);
#479=VECTOR('',#1668,1.);
#480=VECTOR('',#1673,1.);
#481=VECTOR('',#1674,1.);
#482=VECTOR('',#1675,1.);
#483=VECTOR('',#1676,1.);
#484=VECTOR('',#1677,1.);
#485=VECTOR('',#1678,1.);
#486=VECTOR('',#1679,1.);
#487=VECTOR('',#1680,1.);
#488=VECTOR('',#1681,1.);
#489=VECTOR('',#1682,1.);
#490=VECTOR('',#1683,1.);
#491=VECTOR('',#1684,1.);
#492=VECTOR('',#1687,1.);
#493=VECTOR('',#1688,1.);
#494=VECTOR('',#1691,1.);
#495=VECTOR('',#1692,1.);
#496=VECTOR('',#1693,1.);
#497=VECTOR('',#1696,1.);
#498=VECTOR('',#1697,1.);
#499=VECTOR('',#1700,1.);
#500=VECTOR('',#1701,1.);
#501=VECTOR('',#1704,1.);
#502=VECTOR('',#1705,1.);
#503=VECTOR('',#1708,1.);
#504=VECTOR('',#1709,1.);
#505=VECTOR('',#1712,1.);
#506=VECTOR('',#1713,1.);
#507=VECTOR('',#1716,1.);
#508=VECTOR('',#1719,1.);
#509=VECTOR('',#1722,0.275);
#510=VECTOR('',#1731,0.275);
#511=VECTOR('',#1742,0.275);
#512=VECTOR('',#1753,0.275);
#513=VECTOR('',#1762,1.);
#514=VECTOR('',#1763,1.);
#515=VECTOR('',#1764,1.);
#516=VECTOR('',#1765,1.);
#517=VECTOR('',#1768,1.);
#518=VECTOR('',#1769,1.);
#519=VECTOR('',#1770,1.);
#520=VECTOR('',#1773,1.);
#521=VECTOR('',#1774,1.);
#522=VECTOR('',#1775,1.);
#523=VECTOR('',#1776,1.);
#524=VECTOR('',#1777,1.);
#525=VECTOR('',#1780,1.);
#526=VECTOR('',#1781,1.);
#527=VECTOR('',#1784,1.);
#528=VECTOR('',#1785,1.);
#529=VECTOR('',#1788,1.);
#530=VECTOR('',#1789,1.);
#531=VECTOR('',#1792,1.);
#532=VECTOR('',#1795,1.);
#533=VECTOR('',#1800,0.0625);
#534=VECTOR('',#1805,0.0625);
#535=VECTOR('',#1810,1.);
#536=VECTOR('',#1811,1.);
#537=VECTOR('',#1814,0.2);
#538=VECTOR('',#1819,0.2);
#539=VECTOR('',#1824,0.2);
#540=VECTOR('',#1829,0.2);
#541=VECTOR('',#1836,0.22);
#542=VECTOR('',#1839,1.);
#543=VECTOR('',#1840,1.);
#544=VECTOR('',#1843,1.);
#545=VECTOR('',#1850,1.);
#546=VECTOR('',#1855,1.);
#547=VECTOR('',#1856,1.);
#548=VECTOR('',#1857,1.);
#549=VECTOR('',#1862,1.);
#550=VECTOR('',#1867,1.);
#551=VECTOR('',#1868,1.);
#552=VECTOR('',#1869,1.);
#553=VECTOR('',#1872,1.);
#554=VECTOR('',#1875,1.);
#555=VECTOR('',#1880,0.125);
#556=VECTOR('',#1885,0.125);
#557=VECTOR('',#1888,1.);
#558=VECTOR('',#1891,1.);
#559=VECTOR('',#1896,1.);
#560=VECTOR('',#1897,1.);
#561=VECTOR('',#1898,1.);
#562=VECTOR('',#1899,1.);
#563=VECTOR('',#1904,1.);
#564=VECTOR('',#1909,1.);
#565=VECTOR('',#1916,1.);
#566=VECTOR('',#1919,1.);
#567=VECTOR('',#1922,1.);
#568=VECTOR('',#1923,1.);
#569=VECTOR('',#1924,1.);
#570=VECTOR('',#1927,1.);
#571=VECTOR('',#1934,1.);
#572=VECTOR('',#1935,1.);
#573=VECTOR('',#1944,0.16);
#574=CIRCLE('',#1438,0.75);
#575=CIRCLE('',#1439,0.75);
#576=CIRCLE('',#1441,0.16);
#577=CIRCLE('',#1442,0.16);
#578=CIRCLE('',#1463,0.275);
#579=CIRCLE('',#1465,0.275);
#580=CIRCLE('',#1477,0.275);
#581=CIRCLE('',#1479,0.2);
#582=CIRCLE('',#1481,0.275);
#583=CIRCLE('',#1483,0.2);
#584=CIRCLE('',#1485,0.275);
#585=CIRCLE('',#1486,0.275);
#586=CIRCLE('',#1488,0.2);
#587=CIRCLE('',#1490,0.275);
#588=CIRCLE('',#1491,0.275);
#589=CIRCLE('',#1493,0.2);
#590=CIRCLE('',#1503,0.125);
#591=CIRCLE('',#1505,0.125);
#592=CIRCLE('',#1507,0.22);
#593=CIRCLE('',#1509,0.2);
#594=CIRCLE('',#1511,0.2);
#595=CIRCLE('',#1513,0.2);
#596=CIRCLE('',#1515,0.2);
#597=CIRCLE('',#1517,0.22);
#598=CIRCLE('',#1522,0.6);
#599=CIRCLE('',#1523,0.6);
#600=CIRCLE('',#1526,0.6);
#601=CIRCLE('',#1527,0.6);
#602=CIRCLE('',#1532,0.125);
#603=CIRCLE('',#1534,0.125);
#604=CIRCLE('',#1549,0.75);
#605=CIRCLE('',#1550,0.16);
#606=CIRCLE('',#1553,0.75);
#607=CIRCLE('',#1554,0.16);
#608=VERTEX_POINT('',#1949);
#609=VERTEX_POINT('',#1950);
#610=VERTEX_POINT('',#1952);
#611=VERTEX_POINT('',#1954);
#612=VERTEX_POINT('',#1958);
#613=VERTEX_POINT('',#1960);
#614=VERTEX_POINT('',#1964);
#615=VERTEX_POINT('',#1965);
#616=VERTEX_POINT('',#1970);
#617=VERTEX_POINT('',#1974);
#618=VERTEX_POINT('',#1980);
#619=VERTEX_POINT('',#1982);
#620=VERTEX_POINT('',#1986);
#621=VERTEX_POINT('',#1990);
#622=VERTEX_POINT('',#1997);
#623=VERTEX_POINT('',#1998);
#624=VERTEX_POINT('',#2000);
#625=VERTEX_POINT('',#2002);
#626=VERTEX_POINT('',#2004);
#627=VERTEX_POINT('',#2006);
#628=VERTEX_POINT('',#2008);
#629=VERTEX_POINT('',#2010);
#630=VERTEX_POINT('',#2013);
#631=VERTEX_POINT('',#2014);
#632=VERTEX_POINT('',#2016);
#633=VERTEX_POINT('',#2018);
#634=VERTEX_POINT('',#2020);
#635=VERTEX_POINT('',#2022);
#636=VERTEX_POINT('',#2024);
#637=VERTEX_POINT('',#2026);
#638=VERTEX_POINT('',#2028);
#639=VERTEX_POINT('',#2030);
#640=VERTEX_POINT('',#2032);
#641=VERTEX_POINT('',#2034);
#642=VERTEX_POINT('',#2038);
#643=VERTEX_POINT('',#2040);
#644=VERTEX_POINT('',#2044);
#645=VERTEX_POINT('',#2046);
#646=VERTEX_POINT('',#2052);
#647=VERTEX_POINT('',#2056);
#648=VERTEX_POINT('',#2060);
#649=VERTEX_POINT('',#2061);
#650=VERTEX_POINT('',#2063);
#651=VERTEX_POINT('',#2065);
#652=VERTEX_POINT('',#2068);
#653=VERTEX_POINT('',#2071);
#654=VERTEX_POINT('',#2072);
#655=VERTEX_POINT('',#2074);
#656=VERTEX_POINT('',#2076);
#657=VERTEX_POINT('',#2079);
#658=VERTEX_POINT('',#2082);
#659=VERTEX_POINT('',#2083);
#660=VERTEX_POINT('',#2085);
#661=VERTEX_POINT('',#2087);
#662=VERTEX_POINT('',#2089);
#663=VERTEX_POINT('',#2091);
#664=VERTEX_POINT('',#2093);
#665=VERTEX_POINT('',#2095);
#666=VERTEX_POINT('',#2097);
#667=VERTEX_POINT('',#2099);
#668=VERTEX_POINT('',#2101);
#669=VERTEX_POINT('',#2103);
#670=VERTEX_POINT('',#2110);
#671=VERTEX_POINT('',#2111);
#672=VERTEX_POINT('',#2116);
#673=VERTEX_POINT('',#2120);
#674=VERTEX_POINT('',#2124);
#675=VERTEX_POINT('',#2128);
#676=VERTEX_POINT('',#2139);
#677=VERTEX_POINT('',#2143);
#678=VERTEX_POINT('',#2146);
#679=VERTEX_POINT('',#2150);
#680=VERTEX_POINT('',#2153);
#681=VERTEX_POINT('',#2155);
#682=VERTEX_POINT('',#2159);
#683=VERTEX_POINT('',#2162);
#684=VERTEX_POINT('',#2164);
#685=VERTEX_POINT('',#2168);
#686=VERTEX_POINT('',#2171);
#687=VERTEX_POINT('',#2172);
#688=VERTEX_POINT('',#2174);
#689=VERTEX_POINT('',#2176);
#690=VERTEX_POINT('',#2180);
#691=VERTEX_POINT('',#2182);
#692=VERTEX_POINT('',#2188);
#693=VERTEX_POINT('',#2190);
#694=VERTEX_POINT('',#2207);
#695=VERTEX_POINT('',#2209);
#696=VERTEX_POINT('',#2212);
#697=VERTEX_POINT('',#2214);
#698=VERTEX_POINT('',#2217);
#699=VERTEX_POINT('',#2219);
#700=VERTEX_POINT('',#2223);
#701=VERTEX_POINT('',#2227);
#702=VERTEX_POINT('',#2231);
#703=VERTEX_POINT('',#2235);
#704=VERTEX_POINT('',#2239);
#705=VERTEX_POINT('',#2243);
#706=VERTEX_POINT('',#2250);
#707=VERTEX_POINT('',#2267);
#708=VERTEX_POINT('',#2288);
#709=VERTEX_POINT('',#2290);
#710=VERTEX_POINT('',#2294);
#711=VERTEX_POINT('',#2296);
#712=VERTEX_POINT('',#2300);
#713=VERTEX_POINT('',#2321);
#714=VERTEX_POINT('',#2338);
#715=VERTEX_POINT('',#2340);
#716=VERTEX_POINT('',#2344);
#717=VERTEX_POINT('',#2346);
#718=VERTEX_POINT('',#2354);
#719=VERTEX_POINT('',#2358);
#720=VERTEX_POINT('',#2367);
#721=VERTEX_POINT('',#2368);
#722=VERTEX_POINT('',#2370);
#723=VERTEX_POINT('',#2372);
#724=VERTEX_POINT('',#2376);
#725=VERTEX_POINT('',#2378);
#726=VERTEX_POINT('',#2382);
#727=VERTEX_POINT('',#2386);
#728=VERTEX_POINT('',#2392);
#729=VERTEX_POINT('',#2394);
#730=VERTEX_POINT('',#2398);
#731=VERTEX_POINT('',#2401);
#732=VERTEX_POINT('',#2404);
#733=VERTEX_POINT('',#2409);
#734=EDGE_CURVE('',#608,#609,#574,.T.);
#735=EDGE_CURVE('',#608,#610,#278,.T.);
#736=EDGE_CURVE('',#610,#611,#575,.T.);
#737=EDGE_CURVE('',#609,#611,#279,.T.);
#738=EDGE_CURVE('',#612,#612,#576,.T.);
#739=EDGE_CURVE('',#612,#613,#280,.T.);
#740=EDGE_CURVE('',#613,#613,#577,.T.);
#741=EDGE_CURVE('',#614,#615,#281,.T.);
#742=EDGE_CURVE('',#615,#608,#282,.T.);
#743=EDGE_CURVE('',#614,#609,#283,.T.);
#744=EDGE_CURVE('',#615,#616,#284,.T.);
#745=EDGE_CURVE('',#616,#610,#285,.T.);
#746=EDGE_CURVE('',#616,#617,#286,.T.);
#747=EDGE_CURVE('',#611,#617,#287,.T.);
#748=EDGE_CURVE('',#617,#614,#288,.T.);
#749=EDGE_CURVE('',#614,#618,#25,.T.);
#750=EDGE_CURVE('',#619,#618,#289,.T.);
#751=EDGE_CURVE('',#619,#615,#26,.T.);
#752=EDGE_CURVE('',#620,#619,#290,.T.);
#753=EDGE_CURVE('',#620,#616,#27,.T.);
#754=EDGE_CURVE('',#621,#617,#28,.T.);
#755=EDGE_CURVE('',#618,#621,#291,.T.);
#756=EDGE_CURVE('',#621,#620,#292,.T.);
#757=EDGE_CURVE('',#622,#623,#293,.T.);
#758=EDGE_CURVE('',#624,#622,#294,.T.);
#759=EDGE_CURVE('',#625,#624,#295,.T.);
#760=EDGE_CURVE('',#626,#625,#296,.T.);
#761=EDGE_CURVE('',#627,#626,#297,.T.);
#762=EDGE_CURVE('',#628,#627,#298,.T.);
#763=EDGE_CURVE('',#629,#628,#299,.T.);
#764=EDGE_CURVE('',#629,#623,#300,.T.);
#765=EDGE_CURVE('',#630,#631,#301,.T.);
#766=EDGE_CURVE('',#632,#630,#302,.T.);
#767=EDGE_CURVE('',#632,#633,#303,.T.);
#768=EDGE_CURVE('',#633,#634,#304,.T.);
#769=EDGE_CURVE('',#635,#634,#305,.T.);
#770=EDGE_CURVE('',#636,#635,#306,.T.);
#771=EDGE_CURVE('',#637,#636,#307,.T.);
#772=EDGE_CURVE('',#638,#637,#308,.T.);
#773=EDGE_CURVE('',#639,#638,#309,.T.);
#774=EDGE_CURVE('',#639,#640,#310,.T.);
#775=EDGE_CURVE('',#640,#641,#311,.T.);
#776=EDGE_CURVE('',#631,#641,#312,.T.);
#777=EDGE_CURVE('',#624,#642,#313,.T.);
#778=EDGE_CURVE('',#643,#642,#314,.T.);
#779=EDGE_CURVE('',#625,#643,#315,.T.);
#780=EDGE_CURVE('',#626,#644,#316,.T.);
#781=EDGE_CURVE('',#645,#644,#317,.T.);
#782=EDGE_CURVE('',#627,#645,#318,.T.);
#783=EDGE_CURVE('',#644,#643,#319,.T.);
#784=EDGE_CURVE('',#646,#628,#320,.T.);
#785=EDGE_CURVE('',#646,#645,#321,.T.);
#786=EDGE_CURVE('',#622,#647,#322,.T.);
#787=EDGE_CURVE('',#642,#647,#323,.T.);
#788=EDGE_CURVE('',#648,#649,#324,.T.);
#789=EDGE_CURVE('',#649,#650,#325,.T.);
#790=EDGE_CURVE('',#650,#651,#326,.T.);
#791=EDGE_CURVE('',#651,#648,#327,.T.);
#792=EDGE_CURVE('',#652,#652,#578,.T.);
#793=EDGE_CURVE('',#653,#654,#328,.T.);
#794=EDGE_CURVE('',#654,#655,#329,.T.);
#795=EDGE_CURVE('',#655,#656,#330,.T.);
#796=EDGE_CURVE('',#656,#653,#331,.T.);
#797=EDGE_CURVE('',#657,#657,#579,.T.);
#798=EDGE_CURVE('',#658,#659,#332,.T.);
#799=EDGE_CURVE('',#660,#658,#333,.T.);
#800=EDGE_CURVE('',#661,#660,#334,.T.);
#801=EDGE_CURVE('',#662,#661,#335,.T.);
#802=EDGE_CURVE('',#663,#662,#336,.T.);
#803=EDGE_CURVE('',#664,#663,#337,.T.);
#804=EDGE_CURVE('',#665,#664,#338,.T.);
#805=EDGE_CURVE('',#666,#665,#339,.T.);
#806=EDGE_CURVE('',#667,#666,#340,.T.);
#807=EDGE_CURVE('',#668,#667,#341,.T.);
#808=EDGE_CURVE('',#669,#668,#342,.T.);
#809=EDGE_CURVE('',#659,#669,#343,.T.);
#810=EDGE_CURVE('',#654,#658,#344,.T.);
#811=EDGE_CURVE('',#655,#659,#345,.T.);
#812=EDGE_CURVE('',#670,#671,#346,.T.);
#813=EDGE_CURVE('',#669,#670,#347,.T.);
#814=EDGE_CURVE('',#671,#668,#348,.T.);
#815=EDGE_CURVE('',#671,#672,#349,.T.);
#816=EDGE_CURVE('',#672,#667,#350,.T.);
#817=EDGE_CURVE('',#672,#673,#351,.T.);
#818=EDGE_CURVE('',#673,#666,#352,.T.);
#819=EDGE_CURVE('',#673,#674,#353,.T.);
#820=EDGE_CURVE('',#674,#665,#354,.T.);
#821=EDGE_CURVE('',#674,#675,#355,.T.);
#822=EDGE_CURVE('',#675,#664,#356,.T.);
#823=EDGE_CURVE('',#663,#648,#357,.T.);
#824=EDGE_CURVE('',#649,#662,#358,.T.);
#825=EDGE_CURVE('',#650,#661,#359,.T.);
#826=EDGE_CURVE('',#660,#653,#360,.T.);
#827=EDGE_CURVE('',#652,#676,#361,.T.);
#828=EDGE_CURVE('',#676,#676,#580,.T.);
#829=EDGE_CURVE('',#677,#677,#581,.T.);
#830=EDGE_CURVE('',#657,#678,#362,.T.);
#831=EDGE_CURVE('',#678,#678,#582,.T.);
#832=EDGE_CURVE('',#679,#679,#583,.T.);
#833=EDGE_CURVE('',#680,#680,#584,.T.);
#834=EDGE_CURVE('',#680,#681,#363,.T.);
#835=EDGE_CURVE('',#681,#681,#585,.T.);
#836=EDGE_CURVE('',#682,#682,#586,.T.);
#837=EDGE_CURVE('',#683,#683,#587,.T.);
#838=EDGE_CURVE('',#683,#684,#364,.T.);
#839=EDGE_CURVE('',#684,#684,#588,.T.);
#840=EDGE_CURVE('',#685,#685,#589,.T.);
#841=EDGE_CURVE('',#686,#687,#365,.T.);
#842=EDGE_CURVE('',#688,#686,#366,.T.);
#843=EDGE_CURVE('',#689,#688,#367,.T.);
#844=EDGE_CURVE('',#687,#689,#368,.T.);
#845=EDGE_CURVE('',#639,#690,#369,.T.);
#846=EDGE_CURVE('',#691,#690,#370,.T.);
#847=EDGE_CURVE('',#691,#640,#371,.T.);
#848=EDGE_CURVE('',#675,#646,#372,.T.);
#849=EDGE_CURVE('',#647,#670,#373,.T.);
#850=EDGE_CURVE('',#690,#692,#374,.T.);
#851=EDGE_CURVE('',#692,#693,#375,.T.);
#852=EDGE_CURVE('',#693,#691,#376,.T.);
#853=EDGE_CURVE('',#634,#692,#377,.T.);
#854=EDGE_CURVE('',#693,#633,#378,.T.);
#855=EDGE_CURVE('',#687,#635,#379,.T.);
#856=EDGE_CURVE('',#638,#686,#380,.T.);
#857=EDGE_CURVE('',#637,#631,#381,.T.);
#858=EDGE_CURVE('',#688,#641,#382,.T.);
#859=EDGE_CURVE('',#632,#689,#383,.T.);
#860=EDGE_CURVE('',#630,#636,#384,.T.);
#861=EDGE_CURVE('',#694,#694,#590,.T.);
#862=EDGE_CURVE('',#694,#695,#385,.T.);
#863=EDGE_CURVE('',#696,#696,#591,.T.);
#864=EDGE_CURVE('',#696,#697,#386,.T.);
#865=EDGE_CURVE('',#698,#623,#592,.T.);
#866=EDGE_CURVE('',#699,#698,#387,.T.);
#867=EDGE_CURVE('',#656,#699,#388,.T.);
#868=EDGE_CURVE('',#685,#700,#389,.T.);
#869=EDGE_CURVE('',#700,#700,#593,.T.);
#870=EDGE_CURVE('',#682,#701,#390,.T.);
#871=EDGE_CURVE('',#701,#701,#594,.T.);
#872=EDGE_CURVE('',#679,#702,#391,.T.);
#873=EDGE_CURVE('',#702,#702,#595,.T.);
#874=EDGE_CURVE('',#677,#703,#392,.T.);
#875=EDGE_CURVE('',#703,#703,#596,.T.);
#876=EDGE_CURVE('',#629,#704,#597,.T.);
#877=EDGE_CURVE('',#704,#698,#393,.T.);
#878=EDGE_CURVE('',#704,#705,#394,.T.);
#879=EDGE_CURVE('',#705,#699,#395,.T.);
#880=EDGE_CURVE('',#651,#705,#396,.T.);
#881=EDGE_CURVE('',#630,#706,#13,.F.);
#882=EDGE_CURVE('',#631,#707,#14,.T.);
#883=EDGE_CURVE('',#707,#708,#598,.T.);
#884=EDGE_CURVE('',#708,#709,#397,.T.);
#885=EDGE_CURVE('',#706,#709,#599,.F.);
#886=EDGE_CURVE('',#708,#710,#398,.T.);
#887=EDGE_CURVE('',#711,#710,#399,.T.);
#888=EDGE_CURVE('',#709,#711,#400,.T.);
#889=EDGE_CURVE('',#637,#712,#15,.F.);
#890=EDGE_CURVE('',#636,#713,#16,.T.);
#891=EDGE_CURVE('',#713,#714,#600,.T.);
#892=EDGE_CURVE('',#714,#715,#401,.T.);
#893=EDGE_CURVE('',#712,#715,#601,.F.);
#894=EDGE_CURVE('',#714,#716,#402,.T.);
#895=EDGE_CURVE('',#717,#716,#403,.T.);
#896=EDGE_CURVE('',#715,#717,#404,.T.);
#897=EDGE_CURVE('',#706,#713,#405,.T.);
#898=EDGE_CURVE('',#712,#707,#406,.T.);
#899=EDGE_CURVE('',#718,#718,#602,.T.);
#900=EDGE_CURVE('',#718,#696,#407,.T.);
#901=EDGE_CURVE('',#719,#719,#603,.T.);
#902=EDGE_CURVE('',#719,#694,#408,.T.);
#903=EDGE_CURVE('',#710,#717,#409,.T.);
#904=EDGE_CURVE('',#716,#711,#410,.T.);
#905=EDGE_CURVE('',#720,#721,#411,.T.);
#906=EDGE_CURVE('',#722,#720,#412,.T.);
#907=EDGE_CURVE('',#723,#722,#413,.T.);
#908=EDGE_CURVE('',#721,#723,#414,.T.);
#909=EDGE_CURVE('',#721,#724,#29,.T.);
#910=EDGE_CURVE('',#724,#725,#415,.T.);
#911=EDGE_CURVE('',#720,#725,#30,.T.);
#912=EDGE_CURVE('',#725,#726,#416,.T.);
#913=EDGE_CURVE('',#726,#722,#31,.T.);
#914=EDGE_CURVE('',#723,#727,#32,.T.);
#915=EDGE_CURVE('',#727,#724,#417,.T.);
#916=EDGE_CURVE('',#726,#727,#418,.T.);
#917=EDGE_CURVE('',#728,#725,#419,.T.);
#918=EDGE_CURVE('',#729,#728,#420,.T.);
#919=EDGE_CURVE('',#726,#729,#421,.T.);
#920=EDGE_CURVE('',#724,#730,#422,.T.);
#921=EDGE_CURVE('',#730,#728,#604,.T.);
#922=EDGE_CURVE('',#731,#731,#605,.T.);
#923=EDGE_CURVE('',#727,#732,#423,.T.);
#924=EDGE_CURVE('',#732,#730,#424,.T.);
#925=EDGE_CURVE('',#732,#729,#606,.T.);
#926=EDGE_CURVE('',#733,#733,#607,.T.);
#927=EDGE_CURVE('',#733,#731,#425,.T.);
#928=ORIENTED_EDGE('',*,*,#734,.F.);
#929=ORIENTED_EDGE('',*,*,#735,.T.);
#930=ORIENTED_EDGE('',*,*,#736,.T.);
#931=ORIENTED_EDGE('',*,*,#737,.F.);
#932=ORIENTED_EDGE('',*,*,#738,.T.);
#933=ORIENTED_EDGE('',*,*,#739,.T.);
#934=ORIENTED_EDGE('',*,*,#740,.T.);
#935=ORIENTED_EDGE('',*,*,#739,.F.);
#936=ORIENTED_EDGE('',*,*,#741,.T.);
#937=ORIENTED_EDGE('',*,*,#742,.T.);
#938=ORIENTED_EDGE('',*,*,#734,.T.);
#939=ORIENTED_EDGE('',*,*,#743,.F.);
#940=ORIENTED_EDGE('',*,*,#738,.F.);
#941=ORIENTED_EDGE('',*,*,#744,.T.);
#942=ORIENTED_EDGE('',*,*,#745,.T.);
#943=ORIENTED_EDGE('',*,*,#735,.F.);
#944=ORIENTED_EDGE('',*,*,#742,.F.);
#945=ORIENTED_EDGE('',*,*,#746,.T.);
#946=ORIENTED_EDGE('',*,*,#747,.F.);
#947=ORIENTED_EDGE('',*,*,#736,.F.);
#948=ORIENTED_EDGE('',*,*,#745,.F.);
#949=ORIENTED_EDGE('',*,*,#740,.F.);
#950=ORIENTED_EDGE('',*,*,#748,.T.);
#951=ORIENTED_EDGE('',*,*,#743,.T.);
#952=ORIENTED_EDGE('',*,*,#737,.T.);
#953=ORIENTED_EDGE('',*,*,#747,.T.);
#954=ORIENTED_EDGE('',*,*,#741,.F.);
#955=ORIENTED_EDGE('',*,*,#749,.T.);
#956=ORIENTED_EDGE('',*,*,#750,.F.);
#957=ORIENTED_EDGE('',*,*,#751,.T.);
#958=ORIENTED_EDGE('',*,*,#752,.F.);
#959=ORIENTED_EDGE('',*,*,#753,.T.);
#960=ORIENTED_EDGE('',*,*,#744,.F.);
#961=ORIENTED_EDGE('',*,*,#751,.F.);
#962=ORIENTED_EDGE('',*,*,#748,.F.);
#963=ORIENTED_EDGE('',*,*,#754,.F.);
#964=ORIENTED_EDGE('',*,*,#755,.F.);
#965=ORIENTED_EDGE('',*,*,#749,.F.);
#966=ORIENTED_EDGE('',*,*,#756,.F.);
#967=ORIENTED_EDGE('',*,*,#754,.T.);
#968=ORIENTED_EDGE('',*,*,#746,.F.);
#969=ORIENTED_EDGE('',*,*,#753,.F.);
#970=ORIENTED_EDGE('',*,*,#756,.T.);
#971=ORIENTED_EDGE('',*,*,#752,.T.);
#972=ORIENTED_EDGE('',*,*,#750,.T.);
#973=ORIENTED_EDGE('',*,*,#755,.T.);
#974=ORIENTED_EDGE('',*,*,#757,.F.);
#975=ORIENTED_EDGE('',*,*,#758,.F.);
#976=ORIENTED_EDGE('',*,*,#759,.F.);
#977=ORIENTED_EDGE('',*,*,#760,.F.);
#978=ORIENTED_EDGE('',*,*,#761,.F.);
#979=ORIENTED_EDGE('',*,*,#762,.F.);
#980=ORIENTED_EDGE('',*,*,#763,.F.);
#981=ORIENTED_EDGE('',*,*,#764,.T.);
#982=ORIENTED_EDGE('',*,*,#765,.F.);
#983=ORIENTED_EDGE('',*,*,#766,.F.);
#984=ORIENTED_EDGE('',*,*,#767,.T.);
#985=ORIENTED_EDGE('',*,*,#768,.T.);
#986=ORIENTED_EDGE('',*,*,#769,.F.);
#987=ORIENTED_EDGE('',*,*,#770,.F.);
#988=ORIENTED_EDGE('',*,*,#771,.F.);
#989=ORIENTED_EDGE('',*,*,#772,.F.);
#990=ORIENTED_EDGE('',*,*,#773,.F.);
#991=ORIENTED_EDGE('',*,*,#774,.T.);
#992=ORIENTED_EDGE('',*,*,#775,.T.);
#993=ORIENTED_EDGE('',*,*,#776,.F.);
#994=ORIENTED_EDGE('',*,*,#759,.T.);
#995=ORIENTED_EDGE('',*,*,#777,.T.);
#996=ORIENTED_EDGE('',*,*,#778,.F.);
#997=ORIENTED_EDGE('',*,*,#779,.F.);
#998=ORIENTED_EDGE('',*,*,#761,.T.);
#999=ORIENTED_EDGE('',*,*,#780,.T.);
#1000=ORIENTED_EDGE('',*,*,#781,.F.);
#1001=ORIENTED_EDGE('',*,*,#782,.F.);
#1002=ORIENTED_EDGE('',*,*,#760,.T.);
#1003=ORIENTED_EDGE('',*,*,#779,.T.);
#1004=ORIENTED_EDGE('',*,*,#783,.F.);
#1005=ORIENTED_EDGE('',*,*,#780,.F.);
#1006=ORIENTED_EDGE('',*,*,#784,.T.);
#1007=ORIENTED_EDGE('',*,*,#762,.T.);
#1008=ORIENTED_EDGE('',*,*,#782,.T.);
#1009=ORIENTED_EDGE('',*,*,#785,.F.);
#1010=ORIENTED_EDGE('',*,*,#786,.T.);
#1011=ORIENTED_EDGE('',*,*,#787,.F.);
#1012=ORIENTED_EDGE('',*,*,#777,.F.);
#1013=ORIENTED_EDGE('',*,*,#758,.T.);
#1014=ORIENTED_EDGE('',*,*,#788,.T.);
#1015=ORIENTED_EDGE('',*,*,#789,.T.);
#1016=ORIENTED_EDGE('',*,*,#790,.T.);
#1017=ORIENTED_EDGE('',*,*,#791,.T.);
#1018=ORIENTED_EDGE('',*,*,#792,.T.);
#1019=ORIENTED_EDGE('',*,*,#793,.T.);
#1020=ORIENTED_EDGE('',*,*,#794,.T.);
#1021=ORIENTED_EDGE('',*,*,#795,.T.);
#1022=ORIENTED_EDGE('',*,*,#796,.T.);
#1023=ORIENTED_EDGE('',*,*,#797,.T.);
#1024=ORIENTED_EDGE('',*,*,#798,.F.);
#1025=ORIENTED_EDGE('',*,*,#799,.F.);
#1026=ORIENTED_EDGE('',*,*,#800,.F.);
#1027=ORIENTED_EDGE('',*,*,#801,.F.);
#1028=ORIENTED_EDGE('',*,*,#802,.F.);
#1029=ORIENTED_EDGE('',*,*,#803,.F.);
#1030=ORIENTED_EDGE('',*,*,#804,.F.);
#1031=ORIENTED_EDGE('',*,*,#805,.F.);
#1032=ORIENTED_EDGE('',*,*,#806,.F.);
#1033=ORIENTED_EDGE('',*,*,#807,.F.);
#1034=ORIENTED_EDGE('',*,*,#808,.F.);
#1035=ORIENTED_EDGE('',*,*,#809,.F.);
#1036=ORIENTED_EDGE('',*,*,#794,.F.);
#1037=ORIENTED_EDGE('',*,*,#810,.T.);
#1038=ORIENTED_EDGE('',*,*,#798,.T.);
#1039=ORIENTED_EDGE('',*,*,#811,.F.);
#1040=ORIENTED_EDGE('',*,*,#812,.F.);
#1041=ORIENTED_EDGE('',*,*,#813,.F.);
#1042=ORIENTED_EDGE('',*,*,#808,.T.);
#1043=ORIENTED_EDGE('',*,*,#814,.F.);
#1044=ORIENTED_EDGE('',*,*,#815,.F.);
#1045=ORIENTED_EDGE('',*,*,#814,.T.);
#1046=ORIENTED_EDGE('',*,*,#807,.T.);
#1047=ORIENTED_EDGE('',*,*,#816,.F.);
#1048=ORIENTED_EDGE('',*,*,#817,.F.);
#1049=ORIENTED_EDGE('',*,*,#816,.T.);
#1050=ORIENTED_EDGE('',*,*,#806,.T.);
#1051=ORIENTED_EDGE('',*,*,#818,.F.);
#1052=ORIENTED_EDGE('',*,*,#819,.F.);
#1053=ORIENTED_EDGE('',*,*,#818,.T.);
#1054=ORIENTED_EDGE('',*,*,#805,.T.);
#1055=ORIENTED_EDGE('',*,*,#820,.F.);
#1056=ORIENTED_EDGE('',*,*,#821,.F.);
#1057=ORIENTED_EDGE('',*,*,#820,.T.);
#1058=ORIENTED_EDGE('',*,*,#804,.T.);
#1059=ORIENTED_EDGE('',*,*,#822,.F.);
#1060=ORIENTED_EDGE('',*,*,#788,.F.);
#1061=ORIENTED_EDGE('',*,*,#823,.F.);
#1062=ORIENTED_EDGE('',*,*,#802,.T.);
#1063=ORIENTED_EDGE('',*,*,#824,.F.);
#1064=ORIENTED_EDGE('',*,*,#789,.F.);
#1065=ORIENTED_EDGE('',*,*,#824,.T.);
#1066=ORIENTED_EDGE('',*,*,#801,.T.);
#1067=ORIENTED_EDGE('',*,*,#825,.F.);
#1068=ORIENTED_EDGE('',*,*,#793,.F.);
#1069=ORIENTED_EDGE('',*,*,#826,.F.);
#1070=ORIENTED_EDGE('',*,*,#799,.T.);
#1071=ORIENTED_EDGE('',*,*,#810,.F.);
#1072=ORIENTED_EDGE('',*,*,#792,.F.);
#1073=ORIENTED_EDGE('',*,*,#827,.T.);
#1074=ORIENTED_EDGE('',*,*,#828,.T.);
#1075=ORIENTED_EDGE('',*,*,#827,.F.);
#1076=ORIENTED_EDGE('',*,*,#828,.F.);
#1077=ORIENTED_EDGE('',*,*,#829,.T.);
#1078=ORIENTED_EDGE('',*,*,#797,.F.);
#1079=ORIENTED_EDGE('',*,*,#830,.T.);
#1080=ORIENTED_EDGE('',*,*,#831,.T.);
#1081=ORIENTED_EDGE('',*,*,#830,.F.);
#1082=ORIENTED_EDGE('',*,*,#831,.F.);
#1083=ORIENTED_EDGE('',*,*,#832,.T.);
#1084=ORIENTED_EDGE('',*,*,#833,.F.);
#1085=ORIENTED_EDGE('',*,*,#834,.T.);
#1086=ORIENTED_EDGE('',*,*,#835,.T.);
#1087=ORIENTED_EDGE('',*,*,#834,.F.);
#1088=ORIENTED_EDGE('',*,*,#835,.F.);
#1089=ORIENTED_EDGE('',*,*,#836,.T.);
#1090=ORIENTED_EDGE('',*,*,#837,.F.);
#1091=ORIENTED_EDGE('',*,*,#838,.T.);
#1092=ORIENTED_EDGE('',*,*,#839,.T.);
#1093=ORIENTED_EDGE('',*,*,#838,.F.);
#1094=ORIENTED_EDGE('',*,*,#839,.F.);
#1095=ORIENTED_EDGE('',*,*,#840,.T.);
#1096=ORIENTED_EDGE('',*,*,#841,.F.);
#1097=ORIENTED_EDGE('',*,*,#842,.F.);
#1098=ORIENTED_EDGE('',*,*,#843,.F.);
#1099=ORIENTED_EDGE('',*,*,#844,.F.);
#1100=ORIENTED_EDGE('',*,*,#845,.T.);
#1101=ORIENTED_EDGE('',*,*,#846,.F.);
#1102=ORIENTED_EDGE('',*,*,#847,.T.);
#1103=ORIENTED_EDGE('',*,*,#774,.F.);
#1104=ORIENTED_EDGE('',*,*,#821,.T.);
#1105=ORIENTED_EDGE('',*,*,#848,.T.);
#1106=ORIENTED_EDGE('',*,*,#785,.T.);
#1107=ORIENTED_EDGE('',*,*,#781,.T.);
#1108=ORIENTED_EDGE('',*,*,#783,.T.);
#1109=ORIENTED_EDGE('',*,*,#778,.T.);
#1110=ORIENTED_EDGE('',*,*,#787,.T.);
#1111=ORIENTED_EDGE('',*,*,#849,.T.);
#1112=ORIENTED_EDGE('',*,*,#812,.T.);
#1113=ORIENTED_EDGE('',*,*,#815,.T.);
#1114=ORIENTED_EDGE('',*,*,#817,.T.);
#1115=ORIENTED_EDGE('',*,*,#819,.T.);
#1116=ORIENTED_EDGE('',*,*,#850,.T.);
#1117=ORIENTED_EDGE('',*,*,#851,.T.);
#1118=ORIENTED_EDGE('',*,*,#852,.T.);
#1119=ORIENTED_EDGE('',*,*,#846,.T.);
#1120=ORIENTED_EDGE('',*,*,#833,.T.);
#1121=ORIENTED_EDGE('',*,*,#837,.T.);
#1122=ORIENTED_EDGE('',*,*,#853,.F.);
#1123=ORIENTED_EDGE('',*,*,#768,.F.);
#1124=ORIENTED_EDGE('',*,*,#854,.F.);
#1125=ORIENTED_EDGE('',*,*,#851,.F.);
#1126=ORIENTED_EDGE('',*,*,#855,.T.);
#1127=ORIENTED_EDGE('',*,*,#769,.T.);
#1128=ORIENTED_EDGE('',*,*,#853,.T.);
#1129=ORIENTED_EDGE('',*,*,#850,.F.);
#1130=ORIENTED_EDGE('',*,*,#845,.F.);
#1131=ORIENTED_EDGE('',*,*,#773,.T.);
#1132=ORIENTED_EDGE('',*,*,#856,.T.);
#1133=ORIENTED_EDGE('',*,*,#841,.T.);
#1134=ORIENTED_EDGE('',*,*,#856,.F.);
#1135=ORIENTED_EDGE('',*,*,#772,.T.);
#1136=ORIENTED_EDGE('',*,*,#857,.T.);
#1137=ORIENTED_EDGE('',*,*,#776,.T.);
#1138=ORIENTED_EDGE('',*,*,#858,.F.);
#1139=ORIENTED_EDGE('',*,*,#842,.T.);
#1140=ORIENTED_EDGE('',*,*,#859,.T.);
#1141=ORIENTED_EDGE('',*,*,#843,.T.);
#1142=ORIENTED_EDGE('',*,*,#858,.T.);
#1143=ORIENTED_EDGE('',*,*,#775,.F.);
#1144=ORIENTED_EDGE('',*,*,#847,.F.);
#1145=ORIENTED_EDGE('',*,*,#852,.F.);
#1146=ORIENTED_EDGE('',*,*,#854,.T.);
#1147=ORIENTED_EDGE('',*,*,#767,.F.);
#1148=ORIENTED_EDGE('',*,*,#855,.F.);
#1149=ORIENTED_EDGE('',*,*,#844,.T.);
#1150=ORIENTED_EDGE('',*,*,#859,.F.);
#1151=ORIENTED_EDGE('',*,*,#766,.T.);
#1152=ORIENTED_EDGE('',*,*,#860,.T.);
#1153=ORIENTED_EDGE('',*,*,#770,.T.);
#1154=ORIENTED_EDGE('',*,*,#861,.F.);
#1155=ORIENTED_EDGE('',*,*,#862,.T.);
#1156=ORIENTED_EDGE('',*,*,#862,.F.);
#1157=ORIENTED_EDGE('',*,*,#863,.F.);
#1158=ORIENTED_EDGE('',*,*,#864,.T.);
#1159=ORIENTED_EDGE('',*,*,#864,.F.);
#1160=ORIENTED_EDGE('',*,*,#757,.T.);
#1161=ORIENTED_EDGE('',*,*,#865,.F.);
#1162=ORIENTED_EDGE('',*,*,#866,.F.);
#1163=ORIENTED_EDGE('',*,*,#867,.F.);
#1164=ORIENTED_EDGE('',*,*,#795,.F.);
#1165=ORIENTED_EDGE('',*,*,#811,.T.);
#1166=ORIENTED_EDGE('',*,*,#809,.T.);
#1167=ORIENTED_EDGE('',*,*,#813,.T.);
#1168=ORIENTED_EDGE('',*,*,#849,.F.);
#1169=ORIENTED_EDGE('',*,*,#786,.F.);
#1170=ORIENTED_EDGE('',*,*,#840,.F.);
#1171=ORIENTED_EDGE('',*,*,#868,.T.);
#1172=ORIENTED_EDGE('',*,*,#869,.F.);
#1173=ORIENTED_EDGE('',*,*,#868,.F.);
#1174=ORIENTED_EDGE('',*,*,#836,.F.);
#1175=ORIENTED_EDGE('',*,*,#870,.T.);
#1176=ORIENTED_EDGE('',*,*,#871,.F.);
#1177=ORIENTED_EDGE('',*,*,#870,.F.);
#1178=ORIENTED_EDGE('',*,*,#832,.F.);
#1179=ORIENTED_EDGE('',*,*,#872,.T.);
#1180=ORIENTED_EDGE('',*,*,#873,.F.);
#1181=ORIENTED_EDGE('',*,*,#872,.F.);
#1182=ORIENTED_EDGE('',*,*,#829,.F.);
#1183=ORIENTED_EDGE('',*,*,#874,.T.);
#1184=ORIENTED_EDGE('',*,*,#875,.F.);
#1185=ORIENTED_EDGE('',*,*,#874,.F.);
#1186=ORIENTED_EDGE('',*,*,#876,.T.);
#1187=ORIENTED_EDGE('',*,*,#877,.T.);
#1188=ORIENTED_EDGE('',*,*,#865,.T.);
#1189=ORIENTED_EDGE('',*,*,#764,.F.);
#1190=ORIENTED_EDGE('',*,*,#877,.F.);
#1191=ORIENTED_EDGE('',*,*,#878,.T.);
#1192=ORIENTED_EDGE('',*,*,#879,.T.);
#1193=ORIENTED_EDGE('',*,*,#866,.T.);
#1194=ORIENTED_EDGE('',*,*,#869,.T.);
#1195=ORIENTED_EDGE('',*,*,#871,.T.);
#1196=ORIENTED_EDGE('',*,*,#873,.T.);
#1197=ORIENTED_EDGE('',*,*,#875,.T.);
#1198=ORIENTED_EDGE('',*,*,#867,.T.);
#1199=ORIENTED_EDGE('',*,*,#879,.F.);
#1200=ORIENTED_EDGE('',*,*,#880,.F.);
#1201=ORIENTED_EDGE('',*,*,#790,.F.);
#1202=ORIENTED_EDGE('',*,*,#825,.T.);
#1203=ORIENTED_EDGE('',*,*,#800,.T.);
#1204=ORIENTED_EDGE('',*,*,#826,.T.);
#1205=ORIENTED_EDGE('',*,*,#796,.F.);
#1206=ORIENTED_EDGE('',*,*,#763,.T.);
#1207=ORIENTED_EDGE('',*,*,#784,.F.);
#1208=ORIENTED_EDGE('',*,*,#848,.F.);
#1209=ORIENTED_EDGE('',*,*,#822,.T.);
#1210=ORIENTED_EDGE('',*,*,#803,.T.);
#1211=ORIENTED_EDGE('',*,*,#823,.T.);
#1212=ORIENTED_EDGE('',*,*,#791,.F.);
#1213=ORIENTED_EDGE('',*,*,#880,.T.);
#1214=ORIENTED_EDGE('',*,*,#878,.F.);
#1215=ORIENTED_EDGE('',*,*,#876,.F.);
#1216=ORIENTED_EDGE('',*,*,#881,.F.);
#1217=ORIENTED_EDGE('',*,*,#765,.T.);
#1218=ORIENTED_EDGE('',*,*,#882,.T.);
#1219=ORIENTED_EDGE('',*,*,#883,.T.);
#1220=ORIENTED_EDGE('',*,*,#884,.T.);
#1221=ORIENTED_EDGE('',*,*,#885,.F.);
#1222=ORIENTED_EDGE('',*,*,#884,.F.);
#1223=ORIENTED_EDGE('',*,*,#886,.T.);
#1224=ORIENTED_EDGE('',*,*,#887,.F.);
#1225=ORIENTED_EDGE('',*,*,#888,.F.);
#1226=ORIENTED_EDGE('',*,*,#889,.F.);
#1227=ORIENTED_EDGE('',*,*,#771,.T.);
#1228=ORIENTED_EDGE('',*,*,#890,.T.);
#1229=ORIENTED_EDGE('',*,*,#891,.T.);
#1230=ORIENTED_EDGE('',*,*,#892,.T.);
#1231=ORIENTED_EDGE('',*,*,#893,.F.);
#1232=ORIENTED_EDGE('',*,*,#892,.F.);
#1233=ORIENTED_EDGE('',*,*,#894,.T.);
#1234=ORIENTED_EDGE('',*,*,#895,.F.);
#1235=ORIENTED_EDGE('',*,*,#896,.F.);
#1236=ORIENTED_EDGE('',*,*,#897,.T.);
#1237=ORIENTED_EDGE('',*,*,#890,.F.);
#1238=ORIENTED_EDGE('',*,*,#860,.F.);
#1239=ORIENTED_EDGE('',*,*,#881,.T.);
#1240=ORIENTED_EDGE('',*,*,#898,.T.);
#1241=ORIENTED_EDGE('',*,*,#882,.F.);
#1242=ORIENTED_EDGE('',*,*,#857,.F.);
#1243=ORIENTED_EDGE('',*,*,#889,.T.);
#1244=ORIENTED_EDGE('',*,*,#899,.F.);
#1245=ORIENTED_EDGE('',*,*,#900,.T.);
#1246=ORIENTED_EDGE('',*,*,#863,.T.);
#1247=ORIENTED_EDGE('',*,*,#900,.F.);
#1248=ORIENTED_EDGE('',*,*,#901,.F.);
#1249=ORIENTED_EDGE('',*,*,#902,.T.);
#1250=ORIENTED_EDGE('',*,*,#861,.T.);
#1251=ORIENTED_EDGE('',*,*,#902,.F.);
#1252=ORIENTED_EDGE('',*,*,#898,.F.);
#1253=ORIENTED_EDGE('',*,*,#893,.T.);
#1254=ORIENTED_EDGE('',*,*,#896,.T.);
#1255=ORIENTED_EDGE('',*,*,#903,.F.);
#1256=ORIENTED_EDGE('',*,*,#886,.F.);
#1257=ORIENTED_EDGE('',*,*,#883,.F.);
#1258=ORIENTED_EDGE('',*,*,#897,.F.);
#1259=ORIENTED_EDGE('',*,*,#885,.T.);
#1260=ORIENTED_EDGE('',*,*,#888,.T.);
#1261=ORIENTED_EDGE('',*,*,#904,.F.);
#1262=ORIENTED_EDGE('',*,*,#894,.F.);
#1263=ORIENTED_EDGE('',*,*,#891,.F.);
#1264=ORIENTED_EDGE('',*,*,#895,.T.);
#1265=ORIENTED_EDGE('',*,*,#904,.T.);
#1266=ORIENTED_EDGE('',*,*,#887,.T.);
#1267=ORIENTED_EDGE('',*,*,#903,.T.);
#1268=ORIENTED_EDGE('',*,*,#899,.T.);
#1269=ORIENTED_EDGE('',*,*,#901,.T.);
#1270=ORIENTED_EDGE('',*,*,#905,.F.);
#1271=ORIENTED_EDGE('',*,*,#906,.F.);
#1272=ORIENTED_EDGE('',*,*,#907,.F.);
#1273=ORIENTED_EDGE('',*,*,#908,.F.);
#1274=ORIENTED_EDGE('',*,*,#905,.T.);
#1275=ORIENTED_EDGE('',*,*,#909,.T.);
#1276=ORIENTED_EDGE('',*,*,#910,.T.);
#1277=ORIENTED_EDGE('',*,*,#911,.F.);
#1278=ORIENTED_EDGE('',*,*,#912,.T.);
#1279=ORIENTED_EDGE('',*,*,#913,.T.);
#1280=ORIENTED_EDGE('',*,*,#906,.T.);
#1281=ORIENTED_EDGE('',*,*,#911,.T.);
#1282=ORIENTED_EDGE('',*,*,#908,.T.);
#1283=ORIENTED_EDGE('',*,*,#914,.T.);
#1284=ORIENTED_EDGE('',*,*,#915,.T.);
#1285=ORIENTED_EDGE('',*,*,#909,.F.);
#1286=ORIENTED_EDGE('',*,*,#916,.T.);
#1287=ORIENTED_EDGE('',*,*,#914,.F.);
#1288=ORIENTED_EDGE('',*,*,#907,.T.);
#1289=ORIENTED_EDGE('',*,*,#913,.F.);
#1290=ORIENTED_EDGE('',*,*,#912,.F.);
#1291=ORIENTED_EDGE('',*,*,#917,.F.);
#1292=ORIENTED_EDGE('',*,*,#918,.F.);
#1293=ORIENTED_EDGE('',*,*,#919,.F.);
#1294=ORIENTED_EDGE('',*,*,#910,.F.);
#1295=ORIENTED_EDGE('',*,*,#920,.T.);
#1296=ORIENTED_EDGE('',*,*,#921,.T.);
#1297=ORIENTED_EDGE('',*,*,#917,.T.);
#1298=ORIENTED_EDGE('',*,*,#922,.T.);
#1299=ORIENTED_EDGE('',*,*,#915,.F.);
#1300=ORIENTED_EDGE('',*,*,#923,.T.);
#1301=ORIENTED_EDGE('',*,*,#924,.T.);
#1302=ORIENTED_EDGE('',*,*,#920,.F.);
#1303=ORIENTED_EDGE('',*,*,#916,.F.);
#1304=ORIENTED_EDGE('',*,*,#919,.T.);
#1305=ORIENTED_EDGE('',*,*,#925,.F.);
#1306=ORIENTED_EDGE('',*,*,#923,.F.);
#1307=ORIENTED_EDGE('',*,*,#926,.T.);
#1308=ORIENTED_EDGE('',*,*,#926,.F.);
#1309=ORIENTED_EDGE('',*,*,#927,.T.);
#1310=ORIENTED_EDGE('',*,*,#922,.F.);
#1311=ORIENTED_EDGE('',*,*,#927,.F.);
#1312=ORIENTED_EDGE('',*,*,#925,.T.);
#1313=ORIENTED_EDGE('',*,*,#918,.T.);
#1314=ORIENTED_EDGE('',*,*,#921,.F.);
#1315=ORIENTED_EDGE('',*,*,#924,.F.);
#1316=CYLINDRICAL_SURFACE('',#1437,0.75);
#1317=CYLINDRICAL_SURFACE('',#1440,0.16);
#1318=CYLINDRICAL_SURFACE('',#1447,0.4);
#1319=CYLINDRICAL_SURFACE('',#1450,0.4);
#1320=CYLINDRICAL_SURFACE('',#1452,0.4);
#1321=CYLINDRICAL_SURFACE('',#1454,0.4);
#1322=CYLINDRICAL_SURFACE('',#1476,0.275);
#1323=CYLINDRICAL_SURFACE('',#1480,0.275);
#1324=CYLINDRICAL_SURFACE('',#1484,0.275);
#1325=CYLINDRICAL_SURFACE('',#1489,0.275);
#1326=CYLINDRICAL_SURFACE('',#1508,0.2);
#1327=CYLINDRICAL_SURFACE('',#1510,0.2);
#1328=CYLINDRICAL_SURFACE('',#1512,0.2);
#1329=CYLINDRICAL_SURFACE('',#1514,0.2);
#1330=CYLINDRICAL_SURFACE('',#1516,0.22);
#1331=CYLINDRICAL_SURFACE('',#1521,0.6);
#1332=CYLINDRICAL_SURFACE('',#1525,0.6);
#1333=CYLINDRICAL_SURFACE('',#1529,0.6);
#1334=CYLINDRICAL_SURFACE('',#1530,0.6);
#1335=CYLINDRICAL_SURFACE('',#1531,0.125);
#1336=CYLINDRICAL_SURFACE('',#1533,0.125);
#1337=CYLINDRICAL_SURFACE('',#1539,0.4);
#1338=CYLINDRICAL_SURFACE('',#1542,0.4);
#1339=CYLINDRICAL_SURFACE('',#1544,0.4);
#1340=CYLINDRICAL_SURFACE('',#1546,0.4);
#1341=CYLINDRICAL_SURFACE('',#1555,0.16);
#1342=CYLINDRICAL_SURFACE('',#1556,0.75);
#1343=ADVANCED_FACE('',(#102),#1316,.T.);
#1344=ADVANCED_FACE('',(#103),#1317,.F.);
#1345=ADVANCED_FACE('',(#104,#33),#53,.F.);
#1346=ADVANCED_FACE('',(#105),#54,.F.);
#1347=ADVANCED_FACE('',(#106,#34),#55,.T.);
#1348=ADVANCED_FACE('',(#107),#56,.F.);
#1349=ADVANCED_FACE('',(#108),#1318,.F.);
#1350=ADVANCED_FACE('',(#109),#1319,.F.);
#1351=ADVANCED_FACE('',(#110),#1320,.F.);
#1352=ADVANCED_FACE('',(#111),#1321,.F.);
#1353=ADVANCED_FACE('',(#112),#57,.F.);
#1354=ADVANCED_FACE('',(#113,#35),#58,.T.);
#1355=ADVANCED_FACE('',(#114),#59,.T.);
#1356=ADVANCED_FACE('',(#115),#60,.T.);
#1357=ADVANCED_FACE('',(#116),#61,.T.);
#1358=ADVANCED_FACE('',(#117),#62,.T.);
#1359=ADVANCED_FACE('',(#118),#63,.T.);
#1360=ADVANCED_FACE('',(#119,#36),#64,.T.);
#1361=ADVANCED_FACE('',(#120,#37),#65,.T.);
#1362=ADVANCED_FACE('',(#121),#66,.F.);
#1363=ADVANCED_FACE('',(#122),#67,.F.);
#1364=ADVANCED_FACE('',(#123),#68,.F.);
#1365=ADVANCED_FACE('',(#124),#69,.F.);
#1366=ADVANCED_FACE('',(#125),#70,.F.);
#1367=ADVANCED_FACE('',(#126),#71,.F.);
#1368=ADVANCED_FACE('',(#127),#72,.F.);
#1369=ADVANCED_FACE('',(#128),#73,.F.);
#1370=ADVANCED_FACE('',(#129),#74,.F.);
#1371=ADVANCED_FACE('',(#130),#75,.F.);
#1372=ADVANCED_FACE('',(#131),#1322,.F.);
#1373=ADVANCED_FACE('',(#132,#38),#76,.F.);
#1374=ADVANCED_FACE('',(#133),#1323,.F.);
#1375=ADVANCED_FACE('',(#134,#39),#77,.F.);
#1376=ADVANCED_FACE('',(#135),#1324,.F.);
#1377=ADVANCED_FACE('',(#136,#40),#78,.F.);
#1378=ADVANCED_FACE('',(#137),#1325,.F.);
#1379=ADVANCED_FACE('',(#138,#41),#79,.F.);
#1380=ADVANCED_FACE('',(#139),#80,.T.);
#1381=ADVANCED_FACE('',(#140),#81,.F.);
#1382=ADVANCED_FACE('',(#141,#42,#43,#44),#82,.T.);
#1383=ADVANCED_FACE('',(#142),#83,.F.);
#1384=ADVANCED_FACE('',(#143),#84,.T.);
#1385=ADVANCED_FACE('',(#144),#85,.T.);
#1386=ADVANCED_FACE('',(#145),#86,.F.);
#1387=ADVANCED_FACE('',(#146),#87,.T.);
#1388=ADVANCED_FACE('',(#147),#17,.F.);
#1389=ADVANCED_FACE('',(#148),#18,.F.);
#1390=ADVANCED_FACE('',(#149),#88,.T.);
#1391=ADVANCED_FACE('',(#150),#1326,.F.);
#1392=ADVANCED_FACE('',(#151),#1327,.F.);
#1393=ADVANCED_FACE('',(#152),#1328,.F.);
#1394=ADVANCED_FACE('',(#153),#1329,.F.);
#1395=ADVANCED_FACE('',(#154),#1330,.T.);
#1396=ADVANCED_FACE('',(#155,#45,#46,#47,#48),#89,.T.);
#1397=ADVANCED_FACE('',(#156),#90,.T.);
#1398=ADVANCED_FACE('',(#157),#91,.T.);
#1399=ADVANCED_FACE('',(#158),#1331,.F.);
#1400=ADVANCED_FACE('',(#159),#92,.T.);
#1401=ADVANCED_FACE('',(#160),#1332,.F.);
#1402=ADVANCED_FACE('',(#161),#93,.T.);
#1403=ADVANCED_FACE('',(#162),#1333,.F.);
#1404=ADVANCED_FACE('',(#163),#1334,.F.);
#1405=ADVANCED_FACE('',(#164),#1335,.F.);
#1406=ADVANCED_FACE('',(#165),#1336,.F.);
#1407=ADVANCED_FACE('',(#166),#94,.T.);
#1408=ADVANCED_FACE('',(#167),#95,.T.);
#1409=ADVANCED_FACE('',(#168,#49,#50),#96,.T.);
#1410=ADVANCED_FACE('',(#169),#97,.F.);
#1411=ADVANCED_FACE('',(#170),#1337,.F.);
#1412=ADVANCED_FACE('',(#171),#1338,.F.);
#1413=ADVANCED_FACE('',(#172),#1339,.F.);
#1414=ADVANCED_FACE('',(#173),#1340,.F.);
#1415=ADVANCED_FACE('',(#174),#98,.T.);
#1416=ADVANCED_FACE('',(#175,#51),#99,.F.);
#1417=ADVANCED_FACE('',(#176),#100,.T.);
#1418=ADVANCED_FACE('',(#177,#52),#101,.T.);
#1419=ADVANCED_FACE('',(#178),#1341,.F.);
#1420=ADVANCED_FACE('',(#179),#1342,.T.);
#1421=CLOSED_SHELL('',(#1343,#1344,#1345,#1346,#1347,#1348,#1349,#1350,
#1351,#1352,#1353));
#1422=CLOSED_SHELL('',(#1354,#1355,#1356,#1357,#1358,#1359,#1360,#1361,
#1362,#1363,#1364,#1365,#1366,#1367,#1368,#1369,#1370,#1371,#1372,#1373,
#1374,#1375,#1376,#1377,#1378,#1379,#1380,#1381,#1382,#1383,#1384,#1385,
#1386,#1387,#1388,#1389,#1390,#1391,#1392,#1393,#1394,#1395,#1396,#1397,
#1398,#1399,#1400,#1401,#1402,#1403,#1404,#1405,#1406,#1407,#1408,#1409));
#1423=CLOSED_SHELL('',(#1410,#1411,#1412,#1413,#1414,#1415,#1416,#1417,
#1418,#1419,#1420));
#1424=DERIVED_UNIT_ELEMENT(#1426,1.);
#1425=DERIVED_UNIT_ELEMENT(#2419,-3.);
#1426=(
MASS_UNIT()
NAMED_UNIT(*)
SI_UNIT(.KILO.,.GRAM.)
);
#1427=DERIVED_UNIT((#1424,#1425));
#1428=MEASURE_REPRESENTATION_ITEM('density measure',
POSITIVE_RATIO_MEASURE(7850.),#1427);
#1429=PROPERTY_DEFINITION_REPRESENTATION(#1434,#1431);
#1430=PROPERTY_DEFINITION_REPRESENTATION(#1435,#1432);
#1431=REPRESENTATION('material name',(#1433),#2416);
#1432=REPRESENTATION('density',(#1428),#2416);
#1433=DESCRIPTIVE_REPRESENTATION_ITEM('Acciaio','Acciaio');
#1434=PROPERTY_DEFINITION('material property','material name',#2426);
#1435=PROPERTY_DEFINITION('material property','density of part',#2426);
#1436=AXIS2_PLACEMENT_3D('',#1947,#1557,#1558);
#1437=AXIS2_PLACEMENT_3D('',#1948,#1559,#1560);
#1438=AXIS2_PLACEMENT_3D('',#1951,#1561,#1562);
#1439=AXIS2_PLACEMENT_3D('',#1955,#1564,#1565);
#1440=AXIS2_PLACEMENT_3D('',#1957,#1567,#1568);
#1441=AXIS2_PLACEMENT_3D('',#1959,#1569,#1570);
#1442=AXIS2_PLACEMENT_3D('',#1962,#1572,#1573);
#1443=AXIS2_PLACEMENT_3D('',#1963,#1574,#1575);
#1444=AXIS2_PLACEMENT_3D('',#1969,#1579,#1580);
#1445=AXIS2_PLACEMENT_3D('',#1973,#1583,#1584);
#1446=AXIS2_PLACEMENT_3D('',#1977,#1587,#1588);
#1447=AXIS2_PLACEMENT_3D('',#1979,#1590,#1591);
#1448=AXIS2_PLACEMENT_3D('',#1981,#1592,#1593);
#1449=AXIS2_PLACEMENT_3D('',#1984,#1595,#1596);
#1450=AXIS2_PLACEMENT_3D('',#1985,#1597,#1598);
#1451=AXIS2_PLACEMENT_3D('',#1988,#1600,#1601);
#1452=AXIS2_PLACEMENT_3D('',#1989,#1602,#1603);
#1453=AXIS2_PLACEMENT_3D('',#1991,#1604,#1605);
#1454=AXIS2_PLACEMENT_3D('',#1993,#1607,#1608);
#1455=AXIS2_PLACEMENT_3D('',#1995,#1610,#1611);
#1456=AXIS2_PLACEMENT_3D('',#1996,#1612,#1613);
#1457=AXIS2_PLACEMENT_3D('',#2037,#1634,#1635);
#1458=AXIS2_PLACEMENT_3D('',#2043,#1639,#1640);
#1459=AXIS2_PLACEMENT_3D('',#2049,#1644,#1645);
#1460=AXIS2_PLACEMENT_3D('',#2051,#1647,#1648);
#1461=AXIS2_PLACEMENT_3D('',#2055,#1651,#1652);
#1462=AXIS2_PLACEMENT_3D('',#2059,#1655,#1656);
#1463=AXIS2_PLACEMENT_3D('',#2069,#1661,#1662);
#1464=AXIS2_PLACEMENT_3D('',#2070,#1663,#1664);
#1465=AXIS2_PLACEMENT_3D('',#2080,#1669,#1670);
#1466=AXIS2_PLACEMENT_3D('',#2081,#1671,#1672);
#1467=AXIS2_PLACEMENT_3D('',#2106,#1685,#1686);
#1468=AXIS2_PLACEMENT_3D('',#2109,#1689,#1690);
#1469=AXIS2_PLACEMENT_3D('',#2115,#1694,#1695);
#1470=AXIS2_PLACEMENT_3D('',#2119,#1698,#1699);
#1471=AXIS2_PLACEMENT_3D('',#2123,#1702,#1703);
#1472=AXIS2_PLACEMENT_3D('',#2127,#1706,#1707);
#1473=AXIS2_PLACEMENT_3D('',#2131,#1710,#1711);
#1474=AXIS2_PLACEMENT_3D('',#2134,#1714,#1715);
#1475=AXIS2_PLACEMENT_3D('',#2136,#1717,#1718);
#1476=AXIS2_PLACEMENT_3D('',#2138,#1720,#1721);
#1477=AXIS2_PLACEMENT_3D('',#2141,#1723,#1724);
#1478=AXIS2_PLACEMENT_3D('',#2142,#1725,#1726);
#1479=AXIS2_PLACEMENT_3D('',#2144,#1727,#1728);
#1480=AXIS2_PLACEMENT_3D('',#2145,#1729,#1730);
#1481=AXIS2_PLACEMENT_3D('',#2148,#1732,#1733);
#1482=AXIS2_PLACEMENT_3D('',#2149,#1734,#1735);
#1483=AXIS2_PLACEMENT_3D('',#2151,#1736,#1737);
#1484=AXIS2_PLACEMENT_3D('',#2152,#1738,#1739);
#1485=AXIS2_PLACEMENT_3D('',#2154,#1740,#1741);
#1486=AXIS2_PLACEMENT_3D('',#2157,#1743,#1744);
#1487=AXIS2_PLACEMENT_3D('',#2158,#1745,#1746);
#1488=AXIS2_PLACEMENT_3D('',#2160,#1747,#1748);
#1489=AXIS2_PLACEMENT_3D('',#2161,#1749,#1750);
#1490=AXIS2_PLACEMENT_3D('',#2163,#1751,#1752);
#1491=AXIS2_PLACEMENT_3D('',#2166,#1754,#1755);
#1492=AXIS2_PLACEMENT_3D('',#2167,#1756,#1757);
#1493=AXIS2_PLACEMENT_3D('',#2169,#1758,#1759);
#1494=AXIS2_PLACEMENT_3D('',#2170,#1760,#1761);
#1495=AXIS2_PLACEMENT_3D('',#2179,#1766,#1767);
#1496=AXIS2_PLACEMENT_3D('',#2185,#1771,#1772);
#1497=AXIS2_PLACEMENT_3D('',#2193,#1778,#1779);
#1498=AXIS2_PLACEMENT_3D('',#2196,#1782,#1783);
#1499=AXIS2_PLACEMENT_3D('',#2199,#1786,#1787);
#1500=AXIS2_PLACEMENT_3D('',#2202,#1790,#1791);
#1501=AXIS2_PLACEMENT_3D('',#2204,#1793,#1794);
#1502=AXIS2_PLACEMENT_3D('',#2206,#1796,#1797);
#1503=AXIS2_PLACEMENT_3D('',#2208,#1798,#1799);
#1504=AXIS2_PLACEMENT_3D('',#2211,#1801,#1802);
#1505=AXIS2_PLACEMENT_3D('',#2213,#1803,#1804);
#1506=AXIS2_PLACEMENT_3D('',#2216,#1806,#1807);
#1507=AXIS2_PLACEMENT_3D('',#2218,#1808,#1809);
#1508=AXIS2_PLACEMENT_3D('',#2222,#1812,#1813);
#1509=AXIS2_PLACEMENT_3D('',#2225,#1815,#1816);
#1510=AXIS2_PLACEMENT_3D('',#2226,#1817,#1818);
#1511=AXIS2_PLACEMENT_3D('',#2229,#1820,#1821);
#1512=AXIS2_PLACEMENT_3D('',#2230,#1822,#1823);
#1513=AXIS2_PLACEMENT_3D('',#2233,#1825,#1826);
#1514=AXIS2_PLACEMENT_3D('',#2234,#1827,#1828);
#1515=AXIS2_PLACEMENT_3D('',#2237,#1830,#1831);
#1516=AXIS2_PLACEMENT_3D('',#2238,#1832,#1833);
#1517=AXIS2_PLACEMENT_3D('',#2240,#1834,#1835);
#1518=AXIS2_PLACEMENT_3D('',#2242,#1837,#1838);
#1519=AXIS2_PLACEMENT_3D('',#2246,#1841,#1842);
#1520=AXIS2_PLACEMENT_3D('',#2248,#1844,#1845);
#1521=AXIS2_PLACEMENT_3D('',#2249,#1846,#1847);
#1522=AXIS2_PLACEMENT_3D('',#2289,#1848,#1849);
#1523=AXIS2_PLACEMENT_3D('',#2292,#1851,#1852);
#1524=AXIS2_PLACEMENT_3D('',#2293,#1853,#1854);
#1525=AXIS2_PLACEMENT_3D('',#2299,#1858,#1859);
#1526=AXIS2_PLACEMENT_3D('',#2339,#1860,#1861);
#1527=AXIS2_PLACEMENT_3D('',#2342,#1863,#1864);
#1528=AXIS2_PLACEMENT_3D('',#2343,#1865,#1866);
#1529=AXIS2_PLACEMENT_3D('',#2349,#1870,#1871);
#1530=AXIS2_PLACEMENT_3D('',#2351,#1873,#1874);
#1531=AXIS2_PLACEMENT_3D('',#2353,#1876,#1877);
#1532=AXIS2_PLACEMENT_3D('',#2355,#1878,#1879);
#1533=AXIS2_PLACEMENT_3D('',#2357,#1881,#1882);
#1534=AXIS2_PLACEMENT_3D('',#2359,#1883,#1884);
#1535=AXIS2_PLACEMENT_3D('',#2361,#1886,#1887);
#1536=AXIS2_PLACEMENT_3D('',#2363,#1889,#1890);
#1537=AXIS2_PLACEMENT_3D('',#2365,#1892,#1893);
#1538=AXIS2_PLACEMENT_3D('',#2366,#1894,#1895);
#1539=AXIS2_PLACEMENT_3D('',#2375,#1900,#1901);
#1540=AXIS2_PLACEMENT_3D('',#2377,#1902,#1903);
#1541=AXIS2_PLACEMENT_3D('',#2380,#1905,#1906);
#1542=AXIS2_PLACEMENT_3D('',#2381,#1907,#1908);
#1543=AXIS2_PLACEMENT_3D('',#2384,#1910,#1911);
#1544=AXIS2_PLACEMENT_3D('',#2385,#1912,#1913);
#1545=AXIS2_PLACEMENT_3D('',#2387,#1914,#1915);
#1546=AXIS2_PLACEMENT_3D('',#2389,#1917,#1918);
#1547=AXIS2_PLACEMENT_3D('',#2391,#1920,#1921);
#1548=AXIS2_PLACEMENT_3D('',#2397,#1925,#1926);
#1549=AXIS2_PLACEMENT_3D('',#2400,#1928,#1929);
#1550=AXIS2_PLACEMENT_3D('',#2402,#1930,#1931);
#1551=AXIS2_PLACEMENT_3D('',#2403,#1932,#1933);
#1552=AXIS2_PLACEMENT_3D('',#2407,#1936,#1937);
#1553=AXIS2_PLACEMENT_3D('',#2408,#1938,#1939);
#1554=AXIS2_PLACEMENT_3D('',#2410,#1940,#1941);
#1555=AXIS2_PLACEMENT_3D('',#2411,#1942,#1943);
#1556=AXIS2_PLACEMENT_3D('',#2413,#1945,#1946);
#1557=DIRECTION('axis',(0.,0.,1.));
#1558=DIRECTION('refdir',(1.,0.,0.));
#1559=DIRECTION('center_axis',(0.,1.,0.));
#1560=DIRECTION('ref_axis',(1.,0.,0.));
#1561=DIRECTION('center_axis',(0.,1.,0.));
#1562=DIRECTION('ref_axis',(1.,0.,0.));
#1563=DIRECTION('',(0.,-1.,0.));
#1564=DIRECTION('center_axis',(0.,1.,0.));
#1565=DIRECTION('ref_axis',(1.,0.,0.));
#1566=DIRECTION('',(0.,-1.,0.));
#1567=DIRECTION('center_axis',(0.,1.,0.));
#1568=DIRECTION('ref_axis',(0.,0.,-1.));
#1569=DIRECTION('center_axis',(0.,1.,0.));
#1570=DIRECTION('ref_axis',(0.,0.,-1.));
#1571=DIRECTION('',(0.,-1.,0.));
#1572=DIRECTION('center_axis',(0.,-1.,0.));
#1573=DIRECTION('ref_axis',(0.,0.,-1.));
#1574=DIRECTION('center_axis',(0.,-1.,0.));
#1575=DIRECTION('ref_axis',(0.,0.,1.));
#1576=DIRECTION('',(1.,0.,0.));
#1577=DIRECTION('',(0.,0.,-1.));
#1578=DIRECTION('',(0.,0.,-1.));
#1579=DIRECTION('center_axis',(-1.,0.,0.));
#1580=DIRECTION('ref_axis',(0.,0.,-1.));
#1581=DIRECTION('',(0.,-1.,0.));
#1582=DIRECTION('',(0.,0.,-1.));
#1583=DIRECTION('center_axis',(0.,-1.,0.));
#1584=DIRECTION('ref_axis',(0.,0.,1.));
#1585=DIRECTION('',(-1.,0.,0.));
#1586=DIRECTION('',(0.,0.,1.));
#1587=DIRECTION('center_axis',(1.,0.,0.));
#1588=DIRECTION('ref_axis',(0.,0.,1.));
#1589=DIRECTION('',(0.,1.,0.));
#1590=DIRECTION('center_axis',(1.,0.,0.));
#1591=DIRECTION('ref_axis',(0.,-0.707106781186548,0.707106781186547));
#1592=DIRECTION('center_axis',(-0.707106781186548,-0.707106781186548,0.));
#1593=DIRECTION('ref_axis',(-0.707106781186548,0.707106781186548,0.));
#1594=DIRECTION('',(-1.,0.,0.));
#1595=DIRECTION('center_axis',(0.707106781186548,-0.707106781186548,0.));
#1596=DIRECTION('ref_axis',(-0.707106781186547,-0.707106781186547,0.));
#1597=DIRECTION('center_axis',(0.,-1.,0.));
#1598=DIRECTION('ref_axis',(-0.70710678118655,0.,0.707106781186546));
#1599=DIRECTION('',(0.,1.,0.));
#1600=DIRECTION('center_axis',(-0.707106781186547,-0.707106781186548,0.));
#1601=DIRECTION('ref_axis',(0.707106781186548,-0.707106781186547,0.));
#1602=DIRECTION('center_axis',(0.,1.,0.));
#1603=DIRECTION('ref_axis',(0.707106781186548,0.,0.707106781186547));
#1604=DIRECTION('center_axis',(-0.707106781186547,0.707106781186548,0.));
#1605=DIRECTION('ref_axis',(0.707106781186548,0.707106781186547,0.));
#1606=DIRECTION('',(0.,-1.,0.));
#1607=DIRECTION('center_axis',(1.,0.,0.));
#1608=DIRECTION('ref_axis',(0.,0.707106781186547,0.707106781186548));
#1609=DIRECTION('',(1.,0.,0.));
#1610=DIRECTION('center_axis',(0.,0.,-1.));
#1611=DIRECTION('ref_axis',(-1.,0.,0.));
#1612=DIRECTION('center_axis',(0.,0.,-1.));
#1613=DIRECTION('ref_axis',(-1.,0.,0.));
#1614=DIRECTION('',(1.,0.,0.));
#1615=DIRECTION('',(0.,-1.,0.));
#1616=DIRECTION('',(-1.,0.,0.));
#1617=DIRECTION('',(0.,1.,0.));
#1618=DIRECTION('',(1.,0.,0.));
#1619=DIRECTION('',(0.,-1.,0.));
#1620=DIRECTION('',(-1.,0.,0.));
#1621=DIRECTION('',(0.,1.,0.));
#1622=DIRECTION('',(1.,0.,0.));
#1623=DIRECTION('',(0.,-1.,0.));
#1624=DIRECTION('',(-1.,0.,0.));
#1625=DIRECTION('',(0.,-1.,0.));
#1626=DIRECTION('',(-1.,0.,0.));
#1627=DIRECTION('',(0.,-1.,0.));
#1628=DIRECTION('',(-1.,0.,0.));
#1629=DIRECTION('',(0.,1.,0.));
#1630=DIRECTION('',(-1.,0.,0.));
#1631=DIRECTION('',(0.,1.,0.));
#1632=DIRECTION('',(-1.,0.,0.));
#1633=DIRECTION('',(0.,1.,0.));
#1634=DIRECTION('center_axis',(0.,1.,0.));
#1635=DIRECTION('ref_axis',(-1.,0.,0.));
#1636=DIRECTION('',(0.,0.,1.));
#1637=DIRECTION('',(-1.,0.,0.));
#1638=DIRECTION('',(0.,0.,1.));
#1639=DIRECTION('center_axis',(0.,-1.,0.));
#1640=DIRECTION('ref_axis',(1.,0.,0.));
#1641=DIRECTION('',(0.,0.,1.));
#1642=DIRECTION('',(1.,0.,0.));
#1643=DIRECTION('',(0.,0.,1.));
#1644=DIRECTION('center_axis',(1.,0.,0.));
#1645=DIRECTION('ref_axis',(0.,1.,0.));
#1646=DIRECTION('',(0.,1.,0.));
#1647=DIRECTION('center_axis',(-1.,0.,0.));
#1648=DIRECTION('ref_axis',(0.,-1.,0.));
#1649=DIRECTION('',(0.,0.,-1.));
#1650=DIRECTION('',(0.,-1.,0.));
#1651=DIRECTION('center_axis',(-1.,0.,0.));
#1652=DIRECTION('ref_axis',(0.,-1.,0.));
#1653=DIRECTION('',(0.,0.,1.));
#1654=DIRECTION('',(0.,-1.,0.));
#1655=DIRECTION('center_axis',(0.,0.,1.));
#1656=DIRECTION('ref_axis',(1.,0.,0.));
#1657=DIRECTION('',(0.,1.,0.));
#1658=DIRECTION('',(-1.,0.,0.));
#1659=DIRECTION('',(0.,-1.,0.));
#1660=DIRECTION('',(1.,0.,0.));
#1661=DIRECTION('center_axis',(0.,0.,-1.));
#1662=DIRECTION('ref_axis',(1.,0.,0.));
#1663=DIRECTION('center_axis',(0.,0.,1.));
#1664=DIRECTION('ref_axis',(1.,0.,0.));
#1665=DIRECTION('',(1.,0.,0.));
#1666=DIRECTION('',(0.,1.,0.));
#1667=DIRECTION('',(-1.,0.,0.));
#1668=DIRECTION('',(0.,-1.,0.));
#1669=DIRECTION('center_axis',(0.,0.,-1.));
#1670=DIRECTION('ref_axis',(1.,0.,0.));
#1671=DIRECTION('center_axis',(0.,0.,-1.));
#1672=DIRECTION('ref_axis',(-1.,0.,0.));
#1673=DIRECTION('',(0.,1.,0.));
#1674=DIRECTION('',(1.,0.,0.));
#1675=DIRECTION('',(0.,1.,0.));
#1676=DIRECTION('',(-1.,0.,0.));
#1677=DIRECTION('',(0.,1.,0.));
#1678=DIRECTION('',(-1.,0.,0.));
#1679=DIRECTION('',(0.,-1.,0.));
#1680=DIRECTION('',(-1.,0.,0.));
#1681=DIRECTION('',(0.,-1.,0.));
#1682=DIRECTION('',(1.,0.,0.));
#1683=DIRECTION('',(0.,-1.,0.));
#1684=DIRECTION('',(1.,0.,0.));
#1685=DIRECTION('center_axis',(-1.,0.,0.));
#1686=DIRECTION('ref_axis',(0.,1.,0.));
#1687=DIRECTION('',(0.,0.,-1.));
#1688=DIRECTION('',(0.,0.,-1.));
#1689=DIRECTION('center_axis',(1.,0.,0.));
#1690=DIRECTION('ref_axis',(0.,-1.,0.));
#1691=DIRECTION('',(0.,-1.,0.));
#1692=DIRECTION('',(0.,0.,1.));
#1693=DIRECTION('',(0.,0.,-1.));
#1694=DIRECTION('center_axis',(0.,1.,0.));
#1695=DIRECTION('ref_axis',(1.,0.,0.));
#1696=DIRECTION('',(1.,0.,0.));
#1697=DIRECTION('',(0.,0.,-1.));
#1698=DIRECTION('center_axis',(1.,0.,0.));
#1699=DIRECTION('ref_axis',(0.,-1.,0.));
#1700=DIRECTION('',(0.,-1.,0.));
#1701=DIRECTION('',(0.,0.,-1.));
#1702=DIRECTION('center_axis',(0.,-1.,0.));
#1703=DIRECTION('ref_axis',(-1.,0.,0.));
#1704=DIRECTION('',(-1.,0.,0.));
#1705=DIRECTION('',(0.,0.,-1.));
#1706=DIRECTION('center_axis',(1.,0.,0.));
#1707=DIRECTION('ref_axis',(0.,-1.,0.));
#1708=DIRECTION('',(0.,-1.,0.));
#1709=DIRECTION('',(0.,0.,-1.));
#1710=DIRECTION('center_axis',(-1.,0.,0.));
#1711=DIRECTION('ref_axis',(0.,1.,0.));
#1712=DIRECTION('',(0.,0.,1.));
#1713=DIRECTION('',(0.,0.,-1.));
#1714=DIRECTION('center_axis',(0.,-1.,0.));
#1715=DIRECTION('ref_axis',(-1.,0.,0.));
#1716=DIRECTION('',(0.,0.,-1.));
#1717=DIRECTION('center_axis',(0.,1.,0.));
#1718=DIRECTION('ref_axis',(1.,0.,0.));
#1719=DIRECTION('',(0.,0.,1.));
#1720=DIRECTION('center_axis',(0.,0.,-1.));
#1721=DIRECTION('ref_axis',(1.,0.,0.));
#1722=DIRECTION('',(0.,0.,-1.));
#1723=DIRECTION('center_axis',(0.,0.,-1.));
#1724=DIRECTION('ref_axis',(1.,0.,0.));
#1725=DIRECTION('center_axis',(0.,0.,-1.));
#1726=DIRECTION('ref_axis',(1.,0.,0.));
#1727=DIRECTION('center_axis',(0.,0.,-1.));
#1728=DIRECTION('ref_axis',(1.,0.,0.));
#1729=DIRECTION('center_axis',(0.,0.,-1.));
#1730=DIRECTION('ref_axis',(1.,0.,0.));
#1731=DIRECTION('',(0.,0.,-1.));
#1732=DIRECTION('center_axis',(0.,0.,-1.));
#1733=DIRECTION('ref_axis',(1.,0.,0.));
#1734=DIRECTION('center_axis',(0.,0.,-1.));
#1735=DIRECTION('ref_axis',(1.,0.,0.));
#1736=DIRECTION('center_axis',(0.,0.,-1.));
#1737=DIRECTION('ref_axis',(1.,0.,0.));
#1738=DIRECTION('center_axis',(0.,0.,-1.));
#1739=DIRECTION('ref_axis',(1.,0.,0.));
#1740=DIRECTION('center_axis',(0.,0.,-1.));
#1741=DIRECTION('ref_axis',(1.,0.,0.));
#1742=DIRECTION('',(0.,0.,-1.));
#1743=DIRECTION('center_axis',(0.,0.,-1.));
#1744=DIRECTION('ref_axis',(1.,0.,0.));
#1745=DIRECTION('center_axis',(0.,0.,-1.));
#1746=DIRECTION('ref_axis',(1.,0.,0.));
#1747=DIRECTION('center_axis',(0.,0.,-1.));
#1748=DIRECTION('ref_axis',(1.,0.,0.));
#1749=DIRECTION('center_axis',(0.,0.,-1.));
#1750=DIRECTION('ref_axis',(1.,0.,0.));
#1751=DIRECTION('center_axis',(0.,0.,-1.));
#1752=DIRECTION('ref_axis',(1.,0.,0.));
#1753=DIRECTION('',(0.,0.,-1.));
#1754=DIRECTION('center_axis',(0.,0.,-1.));
#1755=DIRECTION('ref_axis',(1.,0.,0.));
#1756=DIRECTION('center_axis',(0.,0.,-1.));
#1757=DIRECTION('ref_axis',(1.,0.,0.));
#1758=DIRECTION('center_axis',(0.,0.,-1.));
#1759=DIRECTION('ref_axis',(1.,0.,0.));
#1760=DIRECTION('center_axis',(0.,0.,1.));
#1761=DIRECTION('ref_axis',(1.,0.,0.));
#1762=DIRECTION('',(-1.,0.,0.));
#1763=DIRECTION('',(0.,-1.,0.));
#1764=DIRECTION('',(1.,0.,0.));
#1765=DIRECTION('',(0.,1.,0.));
#1766=DIRECTION('center_axis',(1.,0.,0.));
#1767=DIRECTION('ref_axis',(0.,-1.,0.));
#1768=DIRECTION('',(0.,0.,1.));
#1769=DIRECTION('',(0.,-1.,0.));
#1770=DIRECTION('',(0.,0.,-1.));
#1771=DIRECTION('center_axis',(0.,0.,1.));
#1772=DIRECTION('ref_axis',(1.,0.,0.));
#1773=DIRECTION('',(1.,0.,0.));
#1774=DIRECTION('',(-1.,0.,0.));
#1775=DIRECTION('',(-1.,0.,0.));
#1776=DIRECTION('',(0.,1.,0.));
#1777=DIRECTION('',(1.,0.,0.));
#1778=DIRECTION('center_axis',(-1.,0.,0.));
#1779=DIRECTION('ref_axis',(0.,0.,1.));
#1780=DIRECTION('',(0.,0.,1.));
#1781=DIRECTION('',(0.,0.,-1.));
#1782=DIRECTION('center_axis',(0.,1.,0.));
#1783=DIRECTION('ref_axis',(0.,0.,1.));
#1784=DIRECTION('',(0.,0.,-1.));
#1785=DIRECTION('',(0.,0.,1.));
#1786=DIRECTION('center_axis',(1.,0.,0.));
#1787=DIRECTION('ref_axis',(0.,0.,-1.));
#1788=DIRECTION('',(0.,1.,0.));
#1789=DIRECTION('',(0.,0.,-1.));
#1790=DIRECTION('center_axis',(0.,1.,0.));
#1791=DIRECTION('ref_axis',(1.,0.,0.));
#1792=DIRECTION('',(0.,0.,1.));
#1793=DIRECTION('center_axis',(-1.,0.,0.));
#1794=DIRECTION('ref_axis',(0.,0.,1.));
#1795=DIRECTION('',(0.,-1.,0.));
#1796=DIRECTION('center_axis',(0.,0.,-1.));
#1797=DIRECTION('ref_axis',(-1.,0.,0.));
#1798=DIRECTION('center_axis',(0.,0.,1.));
#1799=DIRECTION('ref_axis',(-1.,0.,0.));
#1800=DIRECTION('',(-0.857167300702112,-1.04972719113862E-16,0.515038074910054));
#1801=DIRECTION('center_axis',(0.,0.,-1.));
#1802=DIRECTION('ref_axis',(-1.,0.,0.));
#1803=DIRECTION('center_axis',(0.,0.,1.));
#1804=DIRECTION('ref_axis',(-1.,0.,0.));
#1805=DIRECTION('',(-0.857167300702112,-1.04972719113862E-16,0.515038074910054));
#1806=DIRECTION('center_axis',(0.,1.,0.));
#1807=DIRECTION('ref_axis',(-1.,0.,0.));
#1808=DIRECTION('center_axis',(0.,-1.,0.));
#1809=DIRECTION('ref_axis',(0.838140405208444,0.,-0.545454545454546));
#1810=DIRECTION('',(1.,0.,0.));
#1811=DIRECTION('',(0.,0.,-1.));
#1812=DIRECTION('center_axis',(0.,0.,-1.));
#1813=DIRECTION('ref_axis',(1.,0.,0.));
#1814=DIRECTION('',(0.,0.,-1.));
#1815=DIRECTION('center_axis',(0.,0.,1.));
#1816=DIRECTION('ref_axis',(1.,0.,0.));
#1817=DIRECTION('center_axis',(0.,0.,-1.));
#1818=DIRECTION('ref_axis',(1.,0.,0.));
#1819=DIRECTION('',(0.,0.,-1.));
#1820=DIRECTION('center_axis',(0.,0.,1.));
#1821=DIRECTION('ref_axis',(1.,0.,0.));
#1822=DIRECTION('center_axis',(0.,0.,-1.));
#1823=DIRECTION('ref_axis',(1.,0.,0.));
#1824=DIRECTION('',(0.,0.,-1.));
#1825=DIRECTION('center_axis',(0.,0.,1.));
#1826=DIRECTION('ref_axis',(1.,0.,0.));
#1827=DIRECTION('center_axis',(0.,0.,-1.));
#1828=DIRECTION('ref_axis',(1.,0.,0.));
#1829=DIRECTION('',(0.,0.,-1.));
#1830=DIRECTION('center_axis',(0.,0.,1.));
#1831=DIRECTION('ref_axis',(1.,0.,0.));
#1832=DIRECTION('center_axis',(0.,1.,0.));
#1833=DIRECTION('ref_axis',(0.838140405208444,0.,-0.545454545454546));
#1834=DIRECTION('center_axis',(0.,1.,0.));
#1835=DIRECTION('ref_axis',(0.838140405208444,0.,-0.545454545454546));
#1836=DIRECTION('',(0.,1.,0.));
#1837=DIRECTION('center_axis',(0.,0.,-1.));
#1838=DIRECTION('ref_axis',(-1.,0.,0.));
#1839=DIRECTION('',(-1.,0.,0.));
#1840=DIRECTION('',(0.,1.,0.));
#1841=DIRECTION('center_axis',(-1.,0.,0.));
#1842=DIRECTION('ref_axis',(0.,-1.,0.));
#1843=DIRECTION('',(0.,0.,-1.));
#1844=DIRECTION('center_axis',(0.,-1.,0.));
#1845=DIRECTION('ref_axis',(1.,0.,0.));
#1846=DIRECTION('center_axis',(-1.,0.,0.));
#1847=DIRECTION('ref_axis',(0.,-0.707106781186546,0.707106781186549));
#1848=DIRECTION('center_axis',(1.,0.,0.));
#1849=DIRECTION('ref_axis',(0.,-0.707106781186546,0.707106781186549));
#1850=DIRECTION('',(-1.,0.,0.));
#1851=DIRECTION('center_axis',(-1.,0.,0.));
#1852=DIRECTION('ref_axis',(0.,-0.707106781186546,0.707106781186549));
#1853=DIRECTION('center_axis',(0.,1.,0.));
#1854=DIRECTION('ref_axis',(1.,0.,0.));
#1855=DIRECTION('',(0.,0.,-1.));
#1856=DIRECTION('',(1.,0.,0.));
#1857=DIRECTION('',(0.,0.,-1.));
#1858=DIRECTION('center_axis',(1.,0.,0.));
#1859=DIRECTION('ref_axis',(0.,0.707106781186547,0.707106781186548));
#1860=DIRECTION('center_axis',(-1.,0.,0.));
#1861=DIRECTION('ref_axis',(0.,0.707106781186547,0.707106781186548));
#1862=DIRECTION('',(1.,0.,0.));
#1863=DIRECTION('center_axis',(1.,0.,0.));
#1864=DIRECTION('ref_axis',(0.,0.707106781186547,0.707106781186548));
#1865=DIRECTION('center_axis',(0.,-1.,0.));
#1866=DIRECTION('ref_axis',(-1.,0.,0.));
#1867=DIRECTION('',(0.,0.,-1.));
#1868=DIRECTION('',(-1.,0.,0.));
#1869=DIRECTION('',(0.,0.,-1.));
#1870=DIRECTION('center_axis',(0.,1.,0.));
#1871=DIRECTION('ref_axis',(0.250000012417636,0.,0.968245833345634));
#1872=DIRECTION('',(0.,-1.,0.));
#1873=DIRECTION('center_axis',(0.,-1.,0.));
#1874=DIRECTION('ref_axis',(-0.0833333209156972,0.,0.996521729630198));
#1875=DIRECTION('',(0.,1.,0.));
#1876=DIRECTION('center_axis',(0.,0.,1.));
#1877=DIRECTION('ref_axis',(-1.,0.,0.));
#1878=DIRECTION('center_axis',(0.,0.,1.));
#1879=DIRECTION('ref_axis',(-1.,0.,0.));
#1880=DIRECTION('',(0.,0.,1.));
#1881=DIRECTION('center_axis',(0.,0.,1.));
#1882=DIRECTION('ref_axis',(-1.,0.,0.));
#1883=DIRECTION('center_axis',(0.,0.,1.));
#1884=DIRECTION('ref_axis',(-1.,0.,0.));
#1885=DIRECTION('',(0.,0.,1.));
#1886=DIRECTION('center_axis',(1.,0.,0.));
#1887=DIRECTION('ref_axis',(0.,-1.,0.));
#1888=DIRECTION('',(0.,-1.,0.));
#1889=DIRECTION('center_axis',(-1.,0.,0.));
#1890=DIRECTION('ref_axis',(0.,1.,0.));
#1891=DIRECTION('',(0.,1.,0.));
#1892=DIRECTION('center_axis',(0.,0.,-1.));
#1893=DIRECTION('ref_axis',(-1.,0.,0.));
#1894=DIRECTION('center_axis',(0.,0.,-1.));
#1895=DIRECTION('ref_axis',(-1.,0.,0.));
#1896=DIRECTION('',(1.,0.,0.));
#1897=DIRECTION('',(0.,1.,0.));
#1898=DIRECTION('',(-1.,0.,0.));
#1899=DIRECTION('',(0.,-1.,0.));
#1900=DIRECTION('center_axis',(-1.,0.,0.));
#1901=DIRECTION('ref_axis',(0.,-0.707106781186547,0.707106781186548));
#1902=DIRECTION('center_axis',(0.707106781186547,-0.707106781186548,0.));
#1903=DIRECTION('ref_axis',(0.707106781186548,0.707106781186547,0.));
#1904=DIRECTION('',(-1.,0.,0.));
#1905=DIRECTION('center_axis',(0.707106781186547,0.707106781186548,0.));
#1906=DIRECTION('ref_axis',(0.707106781186548,-0.707106781186547,0.));
#1907=DIRECTION('center_axis',(0.,1.,0.));
#1908=DIRECTION('ref_axis',(0.707106781186548,0.,0.707106781186547));
#1909=DIRECTION('',(0.,-1.,0.));
#1910=DIRECTION('center_axis',(0.707106781186548,-0.707106781186548,0.));
#1911=DIRECTION('ref_axis',(-0.707106781186548,-0.707106781186548,0.));
#1912=DIRECTION('center_axis',(0.,-1.,0.));
#1913=DIRECTION('ref_axis',(-0.70710678118655,0.,0.707106781186546));
#1914=DIRECTION('center_axis',(-0.707106781186548,-0.707106781186548,0.));
#1915=DIRECTION('ref_axis',(-0.707106781186547,0.707106781186547,0.));
#1916=DIRECTION('',(0.,1.,0.));
#1917=DIRECTION('center_axis',(-1.,0.,0.));
#1918=DIRECTION('ref_axis',(0.,0.707106781186548,0.707106781186547));
#1919=DIRECTION('',(1.,0.,0.));
#1920=DIRECTION('center_axis',(-1.,0.,0.));
#1921=DIRECTION('ref_axis',(0.,0.,1.));
#1922=DIRECTION('',(0.,0.,1.));
#1923=DIRECTION('',(0.,1.,0.));
#1924=DIRECTION('',(0.,0.,-1.));
#1925=DIRECTION('center_axis',(0.,-1.,0.));
#1926=DIRECTION('ref_axis',(0.,0.,1.));
#1927=DIRECTION('',(0.,0.,-1.));
#1928=DIRECTION('center_axis',(0.,1.,0.));
#1929=DIRECTION('ref_axis',(1.,0.,0.));
#1930=DIRECTION('center_axis',(0.,-1.,0.));
#1931=DIRECTION('ref_axis',(0.,0.,-1.));
#1932=DIRECTION('center_axis',(1.,0.,0.));
#1933=DIRECTION('ref_axis',(0.,0.,-1.));
#1934=DIRECTION('',(0.,0.,-1.));
#1935=DIRECTION('',(0.,1.,0.));
#1936=DIRECTION('center_axis',(0.,-1.,0.));
#1937=DIRECTION('ref_axis',(0.,0.,1.));
#1938=DIRECTION('center_axis',(0.,1.,0.));
#1939=DIRECTION('ref_axis',(1.,0.,0.));
#1940=DIRECTION('center_axis',(0.,1.,0.));
#1941=DIRECTION('ref_axis',(0.,0.,-1.));
#1942=DIRECTION('center_axis',(0.,1.,0.));
#1943=DIRECTION('ref_axis',(0.,0.,-1.));
#1944=DIRECTION('',(0.,1.,0.));
#1945=DIRECTION('center_axis',(0.,1.,0.));
#1946=DIRECTION('ref_axis',(1.,0.,0.));
#1947=CARTESIAN_POINT('',(0.,0.,0.));
#1948=CARTESIAN_POINT('Origin',(7.05000000745058,10.3650804536165,-1.638018257348));
#1949=CARTESIAN_POINT('',(7.80000000745058,10.3650804536165,-1.638018257348));
#1950=CARTESIAN_POINT('',(6.30000000745058,10.3650804536165,-1.638018257348));
#1951=CARTESIAN_POINT('Origin',(7.05000000745058,10.3650804536165,-1.638018257348));
#1952=CARTESIAN_POINT('',(7.80000000745058,9.96508045361654,-1.638018257348));
#1953=CARTESIAN_POINT('',(7.80000000745058,10.3650804536165,-1.638018257348));
#1954=CARTESIAN_POINT('',(6.30000000745058,9.96508045361654,-1.638018257348));
#1955=CARTESIAN_POINT('Origin',(7.05000000745058,9.96508045361654,-1.638018257348));
#1956=CARTESIAN_POINT('',(6.30000000745058,10.3650804536165,-1.638018257348));
#1957=CARTESIAN_POINT('Origin',(7.05000000745058,10.0650804536165,-1.538018257348));
#1958=CARTESIAN_POINT('',(7.05000000745058,10.3650804536165,-1.378018257348));
#1959=CARTESIAN_POINT('Origin',(7.05000000745058,10.3650804536165,-1.538018257348));
#1960=CARTESIAN_POINT('',(7.05000000745058,9.96508045361654,-1.378018257348));
#1961=CARTESIAN_POINT('',(7.05000000745058,10.0650804536165,-1.378018257348));
#1962=CARTESIAN_POINT('Origin',(7.05000000745058,9.96508045361654,-1.538018257348));
#1963=CARTESIAN_POINT('Origin',(7.05000000745058,10.3650804536165,-1.213018257348));
#1964=CARTESIAN_POINT('',(6.30000000745058,10.3650804536165,-0.438018257347999));
#1965=CARTESIAN_POINT('',(7.80000000745058,10.3650804536165,-0.438018257347999));
#1966=CARTESIAN_POINT('',(7.02500000372529,10.3650804536165,-0.438018257347999));
#1967=CARTESIAN_POINT('',(7.80000000745058,10.3650804536165,-0.038018257347999));
#1968=CARTESIAN_POINT('',(6.30000000745058,10.3650804536165,-0.038018257347999));
#1969=CARTESIAN_POINT('Origin',(7.80000000745058,10.3650804536165,-0.038018257347999));
#1970=CARTESIAN_POINT('',(7.80000000745058,9.96508045361654,-0.438018257347999));
#1971=CARTESIAN_POINT('',(7.80000000745058,7.04008056910054,-0.438018257347999));
#1972=CARTESIAN_POINT('',(7.80000000745058,9.96508045361654,-0.038018257347999));
#1973=CARTESIAN_POINT('Origin',(7.05000000745058,9.96508045361654,-1.213018257348));
#1974=CARTESIAN_POINT('',(6.30000000745058,9.96508045361654,-0.438018257347999));
#1975=CARTESIAN_POINT('',(7.02500000372529,9.96508045361654,-0.438018257347999));
#1976=CARTESIAN_POINT('',(6.30000000745058,9.96508045361654,-0.038018257347999));
#1977=CARTESIAN_POINT('Origin',(6.30000000745058,10.3650804536165,-1.638018257348));
#1978=CARTESIAN_POINT('',(6.30000000745058,7.04008056910054,-0.438018257347999));
#1979=CARTESIAN_POINT('Origin',(7.02500000372529,10.7650804536165,-0.438018257347999));
#1980=CARTESIAN_POINT('',(5.90000000745058,10.7650804536165,-0.038018257347999));
#1981=CARTESIAN_POINT('Origin',(5.90000000745058,10.7650804536165,-0.438018257347999));
#1982=CARTESIAN_POINT('',(8.20000000745058,10.7650804536165,-0.038018257347999));
#1983=CARTESIAN_POINT('',(7.02500000372529,10.7650804536165,-0.038018257347999));
#1984=CARTESIAN_POINT('Origin',(8.20000000745058,10.7650804536165,-0.438018257347999));
#1985=CARTESIAN_POINT('Origin',(8.20000000745058,7.04008056910054,-0.438018257347999));
#1986=CARTESIAN_POINT('',(8.20000000745058,9.56508045361655,-0.038018257347999));
#1987=CARTESIAN_POINT('',(8.20000000745058,7.04008056910054,-0.038018257347999));
#1988=CARTESIAN_POINT('Origin',(8.20000000745058,9.56508045361655,-0.438018257347999));
#1989=CARTESIAN_POINT('Origin',(5.90000000745058,7.04008056910054,-0.438018257347999));
#1990=CARTESIAN_POINT('',(5.90000000745058,9.56508045361655,-0.038018257347999));
#1991=CARTESIAN_POINT('Origin',(5.90000000745058,9.56508045361655,-0.438018257347999));
#1992=CARTESIAN_POINT('',(5.90000000745058,7.04008056910054,-0.038018257347999));
#1993=CARTESIAN_POINT('Origin',(7.02500000372529,9.56508045361655,-0.438018257347999));
#1994=CARTESIAN_POINT('',(7.02500000372529,9.56508045361655,-0.038018257347999));
#1995=CARTESIAN_POINT('Origin',(5.99999998509884,3.71508068458454,-0.038018257347999));
#1996=CARTESIAN_POINT('Origin',(5.99999998509884,8.,0.02));
#1997=CARTESIAN_POINT('',(0.,9.00000013411045,0.02));
#1998=CARTESIAN_POINT('',(0.25000000372529,9.00000013411045,0.02));
#1999=CARTESIAN_POINT('',(2.99999999254942,9.00000013411045,0.02));
#2000=CARTESIAN_POINT('',(0.,16.,0.02));
#2001=CARTESIAN_POINT('',(0.,16.,0.02));
#2002=CARTESIAN_POINT('',(14.,16.,0.02));
#2003=CARTESIAN_POINT('',(14.,16.,0.02));
#2004=CARTESIAN_POINT('',(14.,0.,0.02));
#2005=CARTESIAN_POINT('',(14.,0.,0.02));
#2006=CARTESIAN_POINT('',(0.,0.,0.02));
#2007=CARTESIAN_POINT('',(0.,0.,0.02));
#2008=CARTESIAN_POINT('',(0.,7.00000010430813,0.02));
#2009=CARTESIAN_POINT('',(0.,16.,0.02));
#2010=CARTESIAN_POINT('',(0.25000000372529,7.00000010430813,0.02));
#2011=CARTESIAN_POINT('',(1.99999997764826,7.00000010430813,0.02));
#2012=CARTESIAN_POINT('',(0.25000000372529,8.50000006705523,0.02));
#2013=CARTESIAN_POINT('',(3.55000000745058,8.85,0.02));
#2014=CARTESIAN_POINT('',(10.5500000074506,8.85,0.02));
#2015=CARTESIAN_POINT('',(5.5,8.85,0.02));
#2016=CARTESIAN_POINT('',(3.55000000745058,15.500000230968,0.02));
#2017=CARTESIAN_POINT('',(3.55000000745058,15.500000230968,0.02));
#2018=CARTESIAN_POINT('',(0.350000007450581,15.500000230968,0.02));
#2019=CARTESIAN_POINT('',(7.78750000372529,15.500000230968,0.02));
#2020=CARTESIAN_POINT('',(0.350000007450581,0.500000230967998,0.02));
#2021=CARTESIAN_POINT('',(0.350000007450581,4.175000115484,0.02));
#2022=CARTESIAN_POINT('',(3.55000000745058,0.500000230967998,0.02));
#2023=CARTESIAN_POINT('',(10.3250000037253,0.500000230967998,0.02));
#2024=CARTESIAN_POINT('',(3.55000000745058,7.15,0.02));
#2025=CARTESIAN_POINT('',(3.55000000745058,15.500000230968,0.02));
#2026=CARTESIAN_POINT('',(10.5500000074506,7.15,0.02));
#2027=CARTESIAN_POINT('',(8.5,7.15,0.02));
#2028=CARTESIAN_POINT('',(10.5500000074506,0.500000230967998,0.02));
#2029=CARTESIAN_POINT('',(10.5500000074506,0.350000230967998,0.02));
#2030=CARTESIAN_POINT('',(13.6500000074506,0.500000230967998,0.02));
#2031=CARTESIAN_POINT('',(10.3250000037253,0.500000230967998,0.02));
#2032=CARTESIAN_POINT('',(13.6500000074506,15.500000230968,0.02));
#2033=CARTESIAN_POINT('',(13.6500000074506,11.750000115484,0.02));
#2034=CARTESIAN_POINT('',(10.5500000074506,15.500000230968,0.02));
#2035=CARTESIAN_POINT('',(7.78750000372529,15.500000230968,0.02));
#2036=CARTESIAN_POINT('',(10.5500000074506,0.350000230967998,0.02));
#2037=CARTESIAN_POINT('Origin',(14.,16.,0.02));
#2038=CARTESIAN_POINT('',(0.,16.,0.62));
#2039=CARTESIAN_POINT('',(0.,16.,0.02));
#2040=CARTESIAN_POINT('',(14.,16.,0.62));
#2041=CARTESIAN_POINT('',(14.,16.,0.62));
#2042=CARTESIAN_POINT('',(14.,16.,0.02));
#2043=CARTESIAN_POINT('Origin',(0.,0.,0.02));
#2044=CARTESIAN_POINT('',(14.,0.,0.62));
#2045=CARTESIAN_POINT('',(14.,0.,0.02));
#2046=CARTESIAN_POINT('',(0.,0.,0.62));
#2047=CARTESIAN_POINT('',(0.,0.,0.62));
#2048=CARTESIAN_POINT('',(0.,0.,0.02));
#2049=CARTESIAN_POINT('Origin',(14.,0.,0.02));
#2050=CARTESIAN_POINT('',(14.,0.,0.62));
#2051=CARTESIAN_POINT('Origin',(0.,16.,0.02));
#2052=CARTESIAN_POINT('',(0.,7.00000010430813,0.62));
#2053=CARTESIAN_POINT('',(0.,7.00000010430813,0.02));
#2054=CARTESIAN_POINT('',(0.,16.,0.62));
#2055=CARTESIAN_POINT('Origin',(0.,16.,0.02));
#2056=CARTESIAN_POINT('',(0.,9.00000013411045,0.62));
#2057=CARTESIAN_POINT('',(0.,9.00000013411045,0.02));
#2058=CARTESIAN_POINT('',(0.,16.,0.62));
#2059=CARTESIAN_POINT('Origin',(7.,8.,0.62));
#2060=CARTESIAN_POINT('',(-1.10000001639128,7.00000010430813,0.62));
#2061=CARTESIAN_POINT('',(-1.10000001639128,7.90000011771917,0.62));
#2062=CARTESIAN_POINT('',(-1.10000001639128,7.50000005215406,0.62));
#2063=CARTESIAN_POINT('',(-2.00000002980232,7.90000011771917,0.62));
#2064=CARTESIAN_POINT('',(2.94999999180436,7.90000011771917,0.62));
#2065=CARTESIAN_POINT('',(-2.00000002980232,7.00000010430813,0.62));
#2066=CARTESIAN_POINT('',(-2.00000002980232,7.00000010430813,0.62));
#2067=CARTESIAN_POINT('',(0.,7.00000010430813,0.62));
#2068=CARTESIAN_POINT('',(-1.82500002980232,7.45000010430813,0.62));
#2069=CARTESIAN_POINT('Origin',(-1.55000002980232,7.45000010430813,0.62));
#2070=CARTESIAN_POINT('Origin',(7.,8.,0.62));
#2071=CARTESIAN_POINT('',(-2.00000002980232,8.10000011771917,0.62));
#2072=CARTESIAN_POINT('',(-1.10000001639128,8.10000011771917,0.62));
#2073=CARTESIAN_POINT('',(2.49999998509884,8.10000011771917,0.62));
#2074=CARTESIAN_POINT('',(-1.10000001639128,9.00000010430813,0.62));
#2075=CARTESIAN_POINT('',(-1.10000001639128,8.05000005885959,0.62));
#2076=CARTESIAN_POINT('',(-2.00000002980232,9.00000013411045,0.62));
#2077=CARTESIAN_POINT('',(-2.00000002980232,9.00000013411045,0.62));
#2078=CARTESIAN_POINT('',(-2.00000002980232,7.00000010430813,0.62));
#2079=CARTESIAN_POINT('',(-1.82500002980232,8.55000011771917,0.62));
#2080=CARTESIAN_POINT('Origin',(-1.55000002980232,8.55000011771917,0.62));
#2081=CARTESIAN_POINT('Origin',(-1.00000002980232,8.00000010430813,0.12));
#2082=CARTESIAN_POINT('',(-1.10000001639128,8.10000011771917,0.12));
#2083=CARTESIAN_POINT('',(-1.10000001639128,9.00000010430813,0.12));
#2084=CARTESIAN_POINT('',(-1.10000001639128,9.00000010430813,0.12));
#2085=CARTESIAN_POINT('',(-2.00000002980232,8.10000011771917,0.12));
#2086=CARTESIAN_POINT('',(-2.98023223876953E-8,8.10000011771917,0.12));
#2087=CARTESIAN_POINT('',(-2.00000002980232,7.90000011771917,0.12));
#2088=CARTESIAN_POINT('',(-2.00000002980232,8.50000011920929,0.12));
#2089=CARTESIAN_POINT('',(-1.10000001639128,7.90000011771917,0.12));
#2090=CARTESIAN_POINT('',(-2.00000002980232,7.90000011771917,0.12));
#2091=CARTESIAN_POINT('',(-1.10000001639128,7.00000010430813,0.12));
#2092=CARTESIAN_POINT('',(-1.10000001639128,9.00000010430813,0.12));
#2093=CARTESIAN_POINT('',(-0.900000016391277,7.00000010430813,0.12));
#2094=CARTESIAN_POINT('',(-1.50000002980232,7.00000010430813,0.12));
#2095=CARTESIAN_POINT('',(-0.900000016391277,7.90000011771917,0.12));
#2096=CARTESIAN_POINT('',(-0.900000016391277,7.00000010430813,0.12));
#2097=CARTESIAN_POINT('',(-2.98023223876953E-8,7.90000011771917,0.12));
#2098=CARTESIAN_POINT('',(-2.00000002980232,7.90000011771917,0.12));
#2099=CARTESIAN_POINT('',(-2.98023223876953E-8,8.10000011771917,0.12));
#2100=CARTESIAN_POINT('',(-2.98023223876953E-8,7.90000011771917,0.12));
#2101=CARTESIAN_POINT('',(-0.900000016391277,8.10000011771917,0.12));
#2102=CARTESIAN_POINT('',(-2.98023223876953E-8,8.10000011771917,0.12));
#2103=CARTESIAN_POINT('',(-0.900000016391277,9.00000010430813,0.12));
#2104=CARTESIAN_POINT('',(-0.900000016391277,7.00000010430813,0.12));
#2105=CARTESIAN_POINT('',(-0.500000014901161,9.00000013411045,0.12));
#2106=CARTESIAN_POINT('Origin',(-1.10000001639128,8.10000011771917,0.62));
#2107=CARTESIAN_POINT('',(-1.10000001639128,8.10000011771917,0.62));
#2108=CARTESIAN_POINT('',(-1.10000001639128,9.00000013411045,0.32));
#2109=CARTESIAN_POINT('Origin',(-0.900000016391277,9.00000010430813,0.62));
#2110=CARTESIAN_POINT('',(-0.900000016391277,9.00000010430813,0.62));
#2111=CARTESIAN_POINT('',(-0.900000016391277,8.10000011771917,0.62));
#2112=CARTESIAN_POINT('',(-0.900000016391277,8.50000005215406,0.62));
#2113=CARTESIAN_POINT('',(-0.900000016391277,9.00000013411045,0.32));
#2114=CARTESIAN_POINT('',(-0.900000016391277,8.10000011771917,0.62));
#2115=CARTESIAN_POINT('Origin',(-0.900000016391277,8.10000011771917,0.62));
#2116=CARTESIAN_POINT('',(-2.98023223876953E-8,8.10000011771917,0.62));
#2117=CARTESIAN_POINT('',(3.04999999180436,8.10000011771917,0.62));
#2118=CARTESIAN_POINT('',(-2.98023223876953E-8,8.10000011771917,0.62));
#2119=CARTESIAN_POINT('Origin',(-2.98023223876953E-8,8.10000011771917,0.62));
#2120=CARTESIAN_POINT('',(-2.98023223876953E-8,7.90000011771917,0.62));
#2121=CARTESIAN_POINT('',(-2.98023223876953E-8,8.05000005885959,0.62));
#2122=CARTESIAN_POINT('',(-2.98023223876953E-8,7.90000011771917,0.62));
#2123=CARTESIAN_POINT('Origin',(-2.98023223876953E-8,7.90000011771917,0.62));
#2124=CARTESIAN_POINT('',(-0.900000016391277,7.90000011771917,0.62));
#2125=CARTESIAN_POINT('',(3.49999998509884,7.90000011771917,0.62));
#2126=CARTESIAN_POINT('',(-0.900000016391277,7.90000011771917,0.62));
#2127=CARTESIAN_POINT('Origin',(-0.900000016391277,7.90000011771917,0.62));
#2128=CARTESIAN_POINT('',(-0.900000016391277,7.00000010430813,0.62));
#2129=CARTESIAN_POINT('',(-0.900000016391277,7.95000005885959,0.62));
#2130=CARTESIAN_POINT('',(-0.900000016391277,7.00000010430813,0.32));
#2131=CARTESIAN_POINT('Origin',(-1.10000001639128,7.00000010430813,0.62));
#2132=CARTESIAN_POINT('',(-1.10000001639128,7.00000010430813,0.32));
#2133=CARTESIAN_POINT('',(-1.10000001639128,7.90000011771917,0.62));
#2134=CARTESIAN_POINT('Origin',(-1.10000001639128,7.90000011771917,0.62));
#2135=CARTESIAN_POINT('',(-2.00000002980232,7.90000011771917,0.32));
#2136=CARTESIAN_POINT('Origin',(-2.00000002980232,8.10000011771917,0.62));
#2137=CARTESIAN_POINT('',(-2.00000002980232,8.10000011771917,0.32));
#2138=CARTESIAN_POINT('Origin',(-1.55000002980232,7.45000010430813,0.495));
#2139=CARTESIAN_POINT('',(-1.82500002980232,7.45000010430813,0.37));
#2140=CARTESIAN_POINT('',(-1.82500002980232,7.45000010430813,0.495));
#2141=CARTESIAN_POINT('Origin',(-1.55000002980232,7.45000010430813,0.37));
#2142=CARTESIAN_POINT('Origin',(-1.55000002980232,7.45000010430813,0.37));
#2143=CARTESIAN_POINT('',(-1.75000002980232,7.45000010430813,0.37));
#2144=CARTESIAN_POINT('Origin',(-1.55000002980232,7.45000010430813,0.37));
#2145=CARTESIAN_POINT('Origin',(-1.55000002980232,8.55000011771917,0.495));
#2146=CARTESIAN_POINT('',(-1.82500002980232,8.55000011771917,0.37));
#2147=CARTESIAN_POINT('',(-1.82500002980232,8.55000011771917,0.495));
#2148=CARTESIAN_POINT('Origin',(-1.55000002980232,8.55000011771917,0.37));
#2149=CARTESIAN_POINT('Origin',(-1.55000002980232,8.55000011771917,0.37));
#2150=CARTESIAN_POINT('',(-1.75000002980232,8.55000011771917,0.37));
#2151=CARTESIAN_POINT('Origin',(-1.55000002980232,8.55000011771917,0.37));
#2152=CARTESIAN_POINT('Origin',(-0.450000016391277,7.45000010430813,0.495));
#2153=CARTESIAN_POINT('',(-0.725000016391277,7.45000010430813,0.62));
#2154=CARTESIAN_POINT('Origin',(-0.450000016391277,7.45000010430813,0.62));
#2155=CARTESIAN_POINT('',(-0.725000016391277,7.45000010430813,0.37));
#2156=CARTESIAN_POINT('',(-0.725000016391277,7.45000010430813,0.495));
#2157=CARTESIAN_POINT('Origin',(-0.450000016391277,7.45000010430813,0.37));
#2158=CARTESIAN_POINT('Origin',(-0.450000016391277,7.45000010430813,0.37));
#2159=CARTESIAN_POINT('',(-0.650000016391277,7.45000010430813,0.37));
#2160=CARTESIAN_POINT('Origin',(-0.450000016391277,7.45000010430813,0.37));
#2161=CARTESIAN_POINT('Origin',(-0.450000016391277,8.55000011920929,0.495));
#2162=CARTESIAN_POINT('',(-0.725000016391277,8.55000011920929,0.62));
#2163=CARTESIAN_POINT('Origin',(-0.450000016391277,8.55000011920929,0.62));
#2164=CARTESIAN_POINT('',(-0.725000016391277,8.55000011920929,0.37));
#2165=CARTESIAN_POINT('',(-0.725000016391277,8.55000011920929,0.495));
#2166=CARTESIAN_POINT('Origin',(-0.450000016391277,8.55000011920929,0.37));
#2167=CARTESIAN_POINT('Origin',(-0.450000016391277,8.55000011920929,0.37));
#2168=CARTESIAN_POINT('',(-0.650000016391277,8.55000011920929,0.37));
#2169=CARTESIAN_POINT('Origin',(-0.450000016391277,8.55000011920929,0.37));
#2170=CARTESIAN_POINT('Origin',(7.05000000745058,7.925000230968,0.37));
#2171=CARTESIAN_POINT('',(10.5500000074506,0.500000230967998,0.37));
#2172=CARTESIAN_POINT('',(3.55000000745058,0.500000230967998,0.37));
#2173=CARTESIAN_POINT('',(11.1000000074506,0.500000230967999,0.37));
#2174=CARTESIAN_POINT('',(10.5500000074506,15.500000230968,0.37));
#2175=CARTESIAN_POINT('',(10.5500000074506,0.350000230967998,0.37));
#2176=CARTESIAN_POINT('',(3.55000000745058,15.500000230968,0.37));
#2177=CARTESIAN_POINT('',(4.52500000745058,15.500000230968,0.37));
#2178=CARTESIAN_POINT('',(3.55000000745058,15.500000230968,0.37));
#2179=CARTESIAN_POINT('Origin',(13.6500000074506,15.500000230968,0.37));
#2180=CARTESIAN_POINT('',(13.6500000074506,0.500000230967998,0.62));
#2181=CARTESIAN_POINT('',(13.6500000074506,0.500000230967999,0.495));
#2182=CARTESIAN_POINT('',(13.6500000074506,15.500000230968,0.62));
#2183=CARTESIAN_POINT('',(13.6500000074506,11.750000115484,0.62));
#2184=CARTESIAN_POINT('',(13.6500000074506,15.500000230968,0.37));
#2185=CARTESIAN_POINT('Origin',(7.,8.,0.62));
#2186=CARTESIAN_POINT('',(0.,7.00000010430813,0.62));
#2187=CARTESIAN_POINT('',(-2.00000002980232,9.00000013411045,0.62));
#2188=CARTESIAN_POINT('',(0.350000007450581,0.500000230967998,0.62));
#2189=CARTESIAN_POINT('',(3.72500000372529,0.500000230967999,0.62));
#2190=CARTESIAN_POINT('',(0.350000007450581,15.500000230968,0.62));
#2191=CARTESIAN_POINT('',(0.350000007450581,4.175000115484,0.62));
#2192=CARTESIAN_POINT('',(10.3000000037253,15.500000230968,0.62));
#2193=CARTESIAN_POINT('Origin',(0.350000007450581,0.350000230967998,0.62));
#2194=CARTESIAN_POINT('',(0.350000007450581,0.500000230967998,0.62));
#2195=CARTESIAN_POINT('',(0.350000007450581,15.500000230968,0.37));
#2196=CARTESIAN_POINT('Origin',(13.6500000074506,0.500000230967998,0.62));
#2197=CARTESIAN_POINT('',(3.55000000745058,0.500000230967999,0.32));
#2198=CARTESIAN_POINT('',(10.5500000074506,0.500000230967998,0.32));
#2199=CARTESIAN_POINT('Origin',(10.5500000074506,0.350000230967998,0.02));
#2200=CARTESIAN_POINT('',(10.5500000074506,0.350000230967998,0.02));
#2201=CARTESIAN_POINT('',(10.5500000074506,15.500000230968,0.32));
#2202=CARTESIAN_POINT('Origin',(0.500000007450581,15.500000230968,0.62));
#2203=CARTESIAN_POINT('',(3.55000000745058,15.500000230968,0.32));
#2204=CARTESIAN_POINT('Origin',(3.55000000745058,15.500000230968,0.02));
#2205=CARTESIAN_POINT('',(3.55000000745058,15.500000230968,0.02));
#2206=CARTESIAN_POINT('Origin',(9.65,8.,0.117553788689223));
#2207=CARTESIAN_POINT('',(9.775,8.,0.0800000000000001));
#2208=CARTESIAN_POINT('Origin',(9.65,8.,0.0800000000000001));
#2209=CARTESIAN_POINT('',(9.65,8.,0.155107577378445));
#2210=CARTESIAN_POINT('',(9.7125,8.,0.117553788689223));
#2211=CARTESIAN_POINT('Origin',(4.35,8.,0.117553788689223));
#2212=CARTESIAN_POINT('',(4.475,8.,0.0800000000000001));
#2213=CARTESIAN_POINT('Origin',(4.35,8.,0.0800000000000001));
#2214=CARTESIAN_POINT('',(4.35,8.,0.155107577378445));
#2215=CARTESIAN_POINT('',(4.4125,8.,0.117553788689223));
#2216=CARTESIAN_POINT('Origin',(0.,9.00000013411045,0.02));
#2217=CARTESIAN_POINT('',(0.0656091145794324,9.00000013411045,-0.08));
#2218=CARTESIAN_POINT('Origin',(0.0656091145794326,9.00000013411045,0.14));
#2219=CARTESIAN_POINT('',(-2.00000002980232,9.00000013411045,-0.08));
#2220=CARTESIAN_POINT('',(-2.00000002980232,9.00000013411045,-0.08));
#2221=CARTESIAN_POINT('',(-2.00000002980232,9.00000013411045,0.02));
#2222=CARTESIAN_POINT('Origin',(-0.450000016391277,8.55000011920929,0.22));
#2223=CARTESIAN_POINT('',(-0.650000016391277,8.55000011920929,-0.08));
#2224=CARTESIAN_POINT('',(-0.650000016391277,8.55000011920929,0.22));
#2225=CARTESIAN_POINT('Origin',(-0.450000016391277,8.55000011920929,-0.08));
#2226=CARTESIAN_POINT('Origin',(-0.450000016391277,7.45000010430813,0.22));
#2227=CARTESIAN_POINT('',(-0.650000016391277,7.45000010430813,-0.08));
#2228=CARTESIAN_POINT('',(-0.650000016391277,7.45000010430813,0.22));
#2229=CARTESIAN_POINT('Origin',(-0.450000016391277,7.45000010430813,-0.08));
#2230=CARTESIAN_POINT('Origin',(-1.55000002980232,8.55000011771917,0.22));
#2231=CARTESIAN_POINT('',(-1.75000002980232,8.55000011771917,-0.08));
#2232=CARTESIAN_POINT('',(-1.75000002980232,8.55000011771917,0.22));
#2233=CARTESIAN_POINT('Origin',(-1.55000002980232,8.55000011771917,-0.08));
#2234=CARTESIAN_POINT('Origin',(-1.55000002980232,7.45000010430813,0.22));
#2235=CARTESIAN_POINT('',(-1.75000002980232,7.45000010430813,-0.08));
#2236=CARTESIAN_POINT('',(-1.75000002980232,7.45000010430813,0.22));
#2237=CARTESIAN_POINT('Origin',(-1.55000002980232,7.45000010430813,-0.08));
#2238=CARTESIAN_POINT('Origin',(0.0656091145794326,8.50000006705523,0.14));
#2239=CARTESIAN_POINT('',(0.0656091145794326,7.00000010430813,-0.08));
#2240=CARTESIAN_POINT('Origin',(0.0656091145794326,7.00000010430813,0.14));
#2241=CARTESIAN_POINT('',(0.0656091145794326,8.50000006705523,-0.08));
#2242=CARTESIAN_POINT('Origin',(-0.875000013038516,8.00000011920929,-0.08));
#2243=CARTESIAN_POINT('',(-2.00000002980232,7.00000010430813,-0.08));
#2244=CARTESIAN_POINT('',(0.25000000372529,7.00000010430813,-0.08));
#2245=CARTESIAN_POINT('',(-2.00000002980232,7.00000010430813,-0.08));
#2246=CARTESIAN_POINT('Origin',(-2.00000002980232,9.00000013411045,0.02));
#2247=CARTESIAN_POINT('',(-2.00000002980232,7.00000010430813,0.02));
#2248=CARTESIAN_POINT('Origin',(-2.00000002980232,7.00000010430813,0.02));
#2249=CARTESIAN_POINT('Origin',(5.5,8.85,-0.58));
#2250=CARTESIAN_POINT('',(4.,8.25030257442271,-0.560947500007381));
#2251=CARTESIAN_POINT('Ctrl Pts',(4.,8.25030257442272,-0.560947500006942));
#2252=CARTESIAN_POINT('Ctrl Pts',(3.99999999999999,8.25090912002154,-0.541855840947041));
#2253=CARTESIAN_POINT('Ctrl Pts',(3.99908433410024,8.25242730153597,-0.522937360122062));
#2254=CARTESIAN_POINT('Ctrl Pts',(3.99005390230739,8.26454303419451,-0.427550403567534));
#2255=CARTESIAN_POINT('Ctrl Pts',(3.96719784680972,8.2900001062951,-0.35197196577723));
#2256=CARTESIAN_POINT('Ctrl Pts',(3.90012181549377,8.36313805041289,-0.221444467235681));
#2257=CARTESIAN_POINT('Ctrl Pts',(3.85605006675424,8.41069008317706,-0.166347158908713));
#2258=CARTESIAN_POINT('Ctrl Pts',(3.76317024488521,8.5128775089722,-0.0786688608995599));
#2259=CARTESIAN_POINT('Ctrl Pts',(3.70662876006787,8.57535167695631,-0.0421039420088497));
#2260=CARTESIAN_POINT('Ctrl Pts',(3.62959099107036,8.67229093148904,-0.00588571446356282));
#2261=CARTESIAN_POINT('Ctrl Pts',(3.60543044011737,8.70472639767788,0.00316694930026348));
#2262=CARTESIAN_POINT('Ctrl Pts',(3.57595521719791,8.75552373371819,0.012765564328145));
#2263=CARTESIAN_POINT('Ctrl Pts',(3.56731252671861,8.77277073676404,0.0152918441341266));
#2264=CARTESIAN_POINT('Ctrl Pts',(3.55434887240131,8.80929377181805,0.0188987687347103));
#2265=CARTESIAN_POINT('Ctrl Pts',(3.55000000745058,8.82855785820148,0.02));
#2266=CARTESIAN_POINT('Ctrl Pts',(3.55000000745058,8.85,0.02));
#2267=CARTESIAN_POINT('',(10.,8.25000362952041,-0.577913037778119));
#2268=CARTESIAN_POINT('Ctrl Pts',(10.5500000074506,8.85,0.02));
#2269=CARTESIAN_POINT('Ctrl Pts',(10.5500000074506,8.83667699661618,0.02));
#2270=CARTESIAN_POINT('Ctrl Pts',(10.5455046696114,8.82699910239067,0.0196269475518749));
#2271=CARTESIAN_POINT('Ctrl Pts',(10.5358084940303,8.80896308013303,0.0186631500253967));
#2272=CARTESIAN_POINT('Ctrl Pts',(10.530151037285,8.80085599630785,0.0180389742292209));
#2273=CARTESIAN_POINT('Ctrl Pts',(10.5119378864907,8.77659815426553,0.0157151747057879));
#2274=CARTESIAN_POINT('Ctrl Pts',(10.498375409363,8.7610982551561,0.0136049397173891));
#2275=CARTESIAN_POINT('Ctrl Pts',(10.4546143131454,8.71253425154513,0.00496542438844761));
#2276=CARTESIAN_POINT('Ctrl Pts',(10.4219294305142,8.67859190258807,-0.00380346420232029));
#2277=CARTESIAN_POINT('Ctrl Pts',(10.3203120252123,8.5738224165246,-0.04217216815485));
#2278=CARTESIAN_POINT('Ctrl Pts',(10.2472020868591,8.50002345378015,-0.0850159193322132));
#2279=CARTESIAN_POINT('Ctrl Pts',(10.137407393954,8.3891146135426,-0.190159326623893));
#2280=CARTESIAN_POINT('Ctrl Pts',(10.0911664921939,8.34249340060742,-0.250462859969195));
#2281=CARTESIAN_POINT('Ctrl Pts',(10.0409095957644,8.29173494463743,-0.356662668169579));
#2282=CARTESIAN_POINT('Ctrl Pts',(10.0272331842912,8.27790255189796,-0.394651403056413));
#2283=CARTESIAN_POINT('Ctrl Pts',(10.0077733482034,8.25814280683314,-0.473441774363851));
#2284=CARTESIAN_POINT('Ctrl Pts',(10.0019965854605,8.25222207076295,-0.514246715118144));
#2285=CARTESIAN_POINT('Ctrl Pts',(10.000147071269,8.25020397827058,-0.562596708483779));
#2286=CARTESIAN_POINT('Ctrl Pts',(10.,8.25003029932762,-0.570245535530934));
#2287=CARTESIAN_POINT('Ctrl Pts',(10.,8.25000362952041,-0.577913037778118));
#2288=CARTESIAN_POINT('',(10.,8.25,-0.58));
#2289=CARTESIAN_POINT('Origin',(10.,8.85,-0.58));
#2290=CARTESIAN_POINT('',(4.,8.25,-0.58));
#2291=CARTESIAN_POINT('',(5.5,8.25,-0.58));
#2292=CARTESIAN_POINT('Origin',(4.,8.85,-0.58));
#2293=CARTESIAN_POINT('Origin',(4.,8.25,0.02));
#2294=CARTESIAN_POINT('',(10.,8.25,-0.72));
#2295=CARTESIAN_POINT('',(10.,8.25,0.02));
#2296=CARTESIAN_POINT('',(4.,8.25,-0.72));
#2297=CARTESIAN_POINT('',(10.,8.25,-0.72));
#2298=CARTESIAN_POINT('',(4.,8.25,0.02));
#2299=CARTESIAN_POINT('Origin',(8.5,7.15,-0.58));
#2300=CARTESIAN_POINT('',(10.,7.74999637047959,-0.577913037778119));
#2301=CARTESIAN_POINT('Ctrl Pts',(10.,7.74999637047959,-0.577913037778119));
#2302=CARTESIAN_POINT('Ctrl Pts',(10.,7.74996970067239,-0.570245535530934));
#2303=CARTESIAN_POINT('Ctrl Pts',(10.000147071269,7.74979602172942,-0.562596708483779));
#2304=CARTESIAN_POINT('Ctrl Pts',(10.0019965854605,7.74777792923705,-0.514246715118143));
#2305=CARTESIAN_POINT('Ctrl Pts',(10.0077733482034,7.74185719316686,-0.47344177436385));
#2306=CARTESIAN_POINT('Ctrl Pts',(10.0272331842912,7.72209744810204,-0.394651403056412));
#2307=CARTESIAN_POINT('Ctrl Pts',(10.0409095957644,7.70826505536257,-0.356662668169578));
#2308=CARTESIAN_POINT('Ctrl Pts',(10.0911664921939,7.65750659939258,-0.250462859969195));
#2309=CARTESIAN_POINT('Ctrl Pts',(10.137407393954,7.6108853864574,-0.190159326623893));
#2310=CARTESIAN_POINT('Ctrl Pts',(10.2472020868591,7.49997654621985,-0.0850159193322133));
#2311=CARTESIAN_POINT('Ctrl Pts',(10.3203120252123,7.4261775834754,-0.0421721681548495));
#2312=CARTESIAN_POINT('Ctrl Pts',(10.4219294305142,7.32140809741193,-0.00380346420232001));
#2313=CARTESIAN_POINT('Ctrl Pts',(10.4546143131454,7.28746574845487,0.00496542438844794));
#2314=CARTESIAN_POINT('Ctrl Pts',(10.498375409363,7.2389017448439,0.0136049397173892));
#2315=CARTESIAN_POINT('Ctrl Pts',(10.5119378864907,7.22340184573447,0.015715174705788));
#2316=CARTESIAN_POINT('Ctrl Pts',(10.530151037285,7.19914400369215,0.0180389742292209));
#2317=CARTESIAN_POINT('Ctrl Pts',(10.5358084940303,7.19103691986697,0.0186631500253968));
#2318=CARTESIAN_POINT('Ctrl Pts',(10.5455046696114,7.17300089760932,0.0196269475518749));
#2319=CARTESIAN_POINT('Ctrl Pts',(10.5500000074506,7.16332300338381,0.02));
#2320=CARTESIAN_POINT('Ctrl Pts',(10.5500000074506,7.15,0.02));
#2321=CARTESIAN_POINT('',(4.,7.74969742557729,-0.560947500007381));
#2322=CARTESIAN_POINT('Ctrl Pts',(3.55000000745058,7.15,0.02));
#2323=CARTESIAN_POINT('Ctrl Pts',(3.55000000745058,7.17144214179852,0.02));
#2324=CARTESIAN_POINT('Ctrl Pts',(3.55434887240131,7.19070622818195,0.0188987687347103));
#2325=CARTESIAN_POINT('Ctrl Pts',(3.56731252671861,7.22722926323596,0.0152918441341267));
#2326=CARTESIAN_POINT('Ctrl Pts',(3.57595521719791,7.24447626628181,0.012765564328145));
#2327=CARTESIAN_POINT('Ctrl Pts',(3.60543044011737,7.29527360232212,0.00316694930026367));
#2328=CARTESIAN_POINT('Ctrl Pts',(3.62959099107036,7.32770906851096,-0.00588571446356252));
#2329=CARTESIAN_POINT('Ctrl Pts',(3.70662876006787,7.42464832304369,-0.0421039420088492));
#2330=CARTESIAN_POINT('Ctrl Pts',(3.76317024488521,7.4871224910278,-0.0786688608995599));
#2331=CARTESIAN_POINT('Ctrl Pts',(3.85605006675424,7.58930991682294,-0.166347158908713));
#2332=CARTESIAN_POINT('Ctrl Pts',(3.90012181549377,7.63686194958711,-0.221444467235681));
#2333=CARTESIAN_POINT('Ctrl Pts',(3.96719784680972,7.70999989370491,-0.351971965777229));
#2334=CARTESIAN_POINT('Ctrl Pts',(3.99005390230739,7.73545696580549,-0.427550403567534));
#2335=CARTESIAN_POINT('Ctrl Pts',(3.99908433410024,7.74757269846403,-0.522937360122061));
#2336=CARTESIAN_POINT('Ctrl Pts',(3.99999999999999,7.74909087997846,-0.54185584094704));
#2337=CARTESIAN_POINT('Ctrl Pts',(4.,7.74969742557728,-0.560947500006941));
#2338=CARTESIAN_POINT('',(4.,7.75,-0.58));
#2339=CARTESIAN_POINT('Origin',(4.,7.15,-0.58));
#2340=CARTESIAN_POINT('',(10.,7.75,-0.58));
#2341=CARTESIAN_POINT('',(8.5,7.75,-0.58));
#2342=CARTESIAN_POINT('Origin',(10.,7.15,-0.58));
#2343=CARTESIAN_POINT('Origin',(10.,7.75,0.02));
#2344=CARTESIAN_POINT('',(4.,7.75,-0.72));
#2345=CARTESIAN_POINT('',(4.,7.75,0.02));
#2346=CARTESIAN_POINT('',(10.,7.75,-0.72));
#2347=CARTESIAN_POINT('',(4.,7.75,-0.72));
#2348=CARTESIAN_POINT('',(10.,7.75,0.02));
#2349=CARTESIAN_POINT('Origin',(3.4,15.500000230968,-0.560947500007381));
#2350=CARTESIAN_POINT('',(4.,15.500000230968,-0.560947500007381));
#2351=CARTESIAN_POINT('Origin',(10.6,0.350000230967998,-0.577913037778119));
#2352=CARTESIAN_POINT('',(10.,0.350000230967998,-0.577913037778119));
#2353=CARTESIAN_POINT('Origin',(4.35,8.,-0.32));
#2354=CARTESIAN_POINT('',(4.475,8.,-0.72));
#2355=CARTESIAN_POINT('Origin',(4.35,8.,-0.72));
#2356=CARTESIAN_POINT('',(4.475,8.,-0.32));
#2357=CARTESIAN_POINT('Origin',(9.65,8.,-0.32));
#2358=CARTESIAN_POINT('',(9.775,8.,-0.72));
#2359=CARTESIAN_POINT('Origin',(9.65,8.,-0.72));
#2360=CARTESIAN_POINT('',(9.775,8.,-0.32));
#2361=CARTESIAN_POINT('Origin',(10.,8.25,0.02));
#2362=CARTESIAN_POINT('',(10.,7.75,-0.72));
#2363=CARTESIAN_POINT('Origin',(4.,7.75,0.02));
#2364=CARTESIAN_POINT('',(4.,8.25,-0.72));
#2365=CARTESIAN_POINT('Origin',(7.,8.,-0.72));
#2366=CARTESIAN_POINT('Origin',(5.99999998509884,12.26,0.0200000000000009));
#2367=CARTESIAN_POINT('',(5.90000000745058,6.410000230968,0.0200000000000009));
#2368=CARTESIAN_POINT('',(8.20000000745058,6.410000230968,0.0200000000000009));
#2369=CARTESIAN_POINT('',(7.02500000372529,6.410000230968,0.0200000000000009));
#2370=CARTESIAN_POINT('',(5.90000000745058,5.210000230968,0.0200000000000009));
#2371=CARTESIAN_POINT('',(5.90000000745058,8.935000115484,0.0200000000000009));
#2372=CARTESIAN_POINT('',(8.20000000745058,5.210000230968,0.0200000000000009));
#2373=CARTESIAN_POINT('',(7.02500000372529,5.210000230968,0.0200000000000009));
#2374=CARTESIAN_POINT('',(8.20000000745058,8.935000115484,0.0200000000000009));
#2375=CARTESIAN_POINT('Origin',(7.02500000372529,6.410000230968,-0.379999999999999));
#2376=CARTESIAN_POINT('',(7.80000000745058,6.010000230968,-0.379999999999999));
#2377=CARTESIAN_POINT('Origin',(8.20000000745058,6.410000230968,-0.379999999999999));
#2378=CARTESIAN_POINT('',(6.30000000745058,6.010000230968,-0.379999999999999));
#2379=CARTESIAN_POINT('',(7.02500000372529,6.010000230968,-0.379999999999999));
#2380=CARTESIAN_POINT('Origin',(5.90000000745058,6.410000230968,-0.379999999999999));
#2381=CARTESIAN_POINT('Origin',(5.90000000745058,8.935000115484,-0.379999999999999));
#2382=CARTESIAN_POINT('',(6.30000000745058,5.610000230968,-0.379999999999999));
#2383=CARTESIAN_POINT('',(6.30000000745058,8.935000115484,-0.379999999999999));
#2384=CARTESIAN_POINT('Origin',(5.90000000745058,5.210000230968,-0.379999999999999));
#2385=CARTESIAN_POINT('Origin',(8.20000000745058,8.935000115484,-0.379999999999999));
#2386=CARTESIAN_POINT('',(7.80000000745058,5.610000230968,-0.379999999999999));
#2387=CARTESIAN_POINT('Origin',(8.20000000745058,5.210000230968,-0.379999999999999));
#2388=CARTESIAN_POINT('',(7.80000000745058,8.935000115484,-0.379999999999999));
#2389=CARTESIAN_POINT('Origin',(7.02500000372529,5.210000230968,-0.379999999999999));
#2390=CARTESIAN_POINT('',(7.02500000372529,5.610000230968,-0.379999999999999));
#2391=CARTESIAN_POINT('Origin',(6.30000000745058,5.610000230968,-1.58));
#2392=CARTESIAN_POINT('',(6.30000000745058,6.010000230968,-1.58));
#2393=CARTESIAN_POINT('',(6.30000000745058,6.010000230968,0.0200000000000009));
#2394=CARTESIAN_POINT('',(6.30000000745058,5.610000230968,-1.58));
#2395=CARTESIAN_POINT('',(6.30000000745058,5.610000230968,-1.58));
#2396=CARTESIAN_POINT('',(6.30000000745058,5.610000230968,0.0200000000000009));
#2397=CARTESIAN_POINT('Origin',(7.05000000745058,6.010000230968,-1.155));
#2398=CARTESIAN_POINT('',(7.80000000745058,6.010000230968,-1.58));
#2399=CARTESIAN_POINT('',(7.80000000745058,6.010000230968,0.0200000000000009));
#2400=CARTESIAN_POINT('Origin',(7.05000000745058,6.010000230968,-1.58));
#2401=CARTESIAN_POINT('',(7.05000000745058,6.010000230968,-1.32));
#2402=CARTESIAN_POINT('Origin',(7.05000000745058,6.010000230968,-1.48));
#2403=CARTESIAN_POINT('Origin',(7.80000000745058,5.610000230968,0.0200000000000009));
#2404=CARTESIAN_POINT('',(7.80000000745058,5.610000230968,-1.58));
#2405=CARTESIAN_POINT('',(7.80000000745058,5.610000230968,0.0200000000000009));
#2406=CARTESIAN_POINT('',(7.80000000745058,5.610000230968,-1.58));
#2407=CARTESIAN_POINT('Origin',(7.05000000745058,5.610000230968,-1.155));
#2408=CARTESIAN_POINT('Origin',(7.05000000745058,5.610000230968,-1.58));
#2409=CARTESIAN_POINT('',(7.05000000745058,5.610000230968,-1.32));
#2410=CARTESIAN_POINT('Origin',(7.05000000745058,5.610000230968,-1.48));
#2411=CARTESIAN_POINT('Origin',(7.05000000745058,5.910000230968,-1.48));
#2412=CARTESIAN_POINT('',(7.05000000745058,5.910000230968,-1.32));
#2413=CARTESIAN_POINT('Origin',(7.05000000745058,5.610000230968,-1.58));
#2414=UNCERTAINTY_MEASURE_WITH_UNIT(LENGTH_MEASURE(0.001),#2418,
'DISTANCE_ACCURACY_VALUE',
'Maximum model space distance between geometric entities at asserted c
onnectivities');
#2415=UNCERTAINTY_MEASURE_WITH_UNIT(LENGTH_MEASURE(0.001),#2418,
'DISTANCE_ACCURACY_VALUE',
'Maximum model space distance between geometric entities at asserted c
onnectivities');
#2416=(
GEOMETRIC_REPRESENTATION_CONTEXT(3)
GLOBAL_UNCERTAINTY_ASSIGNED_CONTEXT((#2414))
GLOBAL_UNIT_ASSIGNED_CONTEXT((#2418,#2420,#2421))
REPRESENTATION_CONTEXT('','3D')
);
#2417=(
GEOMETRIC_REPRESENTATION_CONTEXT(3)
GLOBAL_UNCERTAINTY_ASSIGNED_CONTEXT((#2415))
GLOBAL_UNIT_ASSIGNED_CONTEXT((#2418,#2420,#2421))
REPRESENTATION_CONTEXT('','3D')
);
#2418=(
LENGTH_UNIT()
NAMED_UNIT(*)
SI_UNIT(.CENTI.,.METRE.)
);
#2419=(
LENGTH_UNIT()
NAMED_UNIT(*)
SI_UNIT($,.METRE.)
);
#2420=(
NAMED_UNIT(*)
PLANE_ANGLE_UNIT()
SI_UNIT($,.RADIAN.)
);
#2421=(
NAMED_UNIT(*)
SI_UNIT($,.STERADIAN.)
SOLID_ANGLE_UNIT()
);
#2422=SHAPE_DEFINITION_REPRESENTATION(#2423,#2424);
#2423=PRODUCT_DEFINITION_SHAPE('',$,#2426);
#2424=SHAPE_REPRESENTATION('',(#1436),#2416);
#2425=PRODUCT_DEFINITION_CONTEXT('part definition',#2430,'design');
#2426=PRODUCT_DEFINITION('2026-07-16-16-57-49-600','porta_pannello',#2427,
#2425);
#2427=PRODUCT_DEFINITION_FORMATION('',$,#2432);
#2428=PRODUCT_RELATED_PRODUCT_CATEGORY('porta_pannello',
'porta_pannello',(#2432));
#2429=APPLICATION_PROTOCOL_DEFINITION('international standard',
'automotive_design',2009,#2430);
#2430=APPLICATION_CONTEXT(
'Core Data for Automotive Mechanical Design Process');
#2431=PRODUCT_CONTEXT('part definition',#2430,'mechanical');
#2432=PRODUCT('2026-07-16-16-57-49-600','porta_pannello',$,(#2431));
#2433=PRESENTATION_STYLE_ASSIGNMENT((#2434));
#2434=SURFACE_STYLE_USAGE(.BOTH.,#2435);
#2435=SURFACE_SIDE_STYLE('',(#2436));
#2436=SURFACE_STYLE_FILL_AREA(#2437);
#2437=FILL_AREA_STYLE('Acciaio - Satinato',(#2438));
#2438=FILL_AREA_STYLE_COLOUR('Acciaio - Satinato',#2439);
#2439=COLOUR_RGB('Acciaio - Satinato',0.627450980392157,0.627450980392157,
0.627450980392157);
ENDSEC;
END-ISO-10303-21;
